04/05/2019;00:00:48;20.29 km/h;Liviano;Loja - Malacatos
04/05/2019;00:05:44;12.70 km/h;Liviano;Malacatos - Loja
04/05/2019;00:06:50;11.60 km/h;Liviano;Malacatos - Loja
04/05/2019;00:06:56;16.11 km/h;Liviano;Loja - Malacatos
04/05/2019;00:09:14;16.40 km/h;Pesado;Loja - Malacatos
04/05/2019;00:09:15;11.52 km/h;Liviano;Loja - Malacatos
04/05/2019;00:09:18;18.30 km/h;Liviano;Malacatos - Loja
04/05/2019;00:13:02;16.55 km/h;Liviano;Malacatos - Loja
04/05/2019;00:13:05;11.63 km/h;Liviano;Malacatos - Loja
04/05/2019;00:15:34;11.02 km/h;Liviano;Loja - Malacatos
04/05/2019;00:15:39;8.17 km/h;Liviano;Malacatos - Loja
04/05/2019;00:15:43;27.70 km/h;Liviano;Malacatos - Loja
04/05/2019;00:17:47;10.30 km/h;Liviano;Loja - Malacatos
04/05/2019;00:17:56;14.14 km/h;Liviano;Malacatos - Loja
04/05/2019;00:21:30;15.57 km/h;Liviano;Loja - Malacatos
04/05/2019;00:29:32;20.40 km/h;Liviano;Loja - Malacatos
04/05/2019;00:33:13;20.94 km/h;Liviano;Malacatos - Loja
04/05/2019;00:36:25;14.71 km/h;Liviano;Malacatos - Loja
04/05/2019;00:36:28;22.61 km/h;Liviano;Malacatos - Loja
04/05/2019;00:36:51;20.97 km/h;Liviano;Malacatos - Loja
04/05/2019;00:36:51;15.58 km/h;Liviano;Loja - Malacatos
04/05/2019;00:36:53;11.59 km/h;Liviano;Malacatos - Loja
04/05/2019;00:39:41;15.15 km/h;Liviano;Malacatos - Loja
04/05/2019;00:43:07;16.23 km/h;Liviano;Loja - Malacatos
04/05/2019;00:43:17;14.33 km/h;Liviano;Loja - Malacatos
04/05/2019;00:43:27;10.25 km/h;Liviano;Malacatos - Loja
04/05/2019;00:48:20;10.23 km/h;Liviano;Malacatos - Loja
04/05/2019;00:48:51;14.85 km/h;Liviano;Malacatos - Loja
04/05/2019;00:48:52;17.10 km/h;Liviano;Malacatos - Loja
04/05/2019;00:49:05;14.19 km/h;Liviano;Malacatos - Loja
04/05/2019;00:53:28;21.81 km/h;Liviano;Malacatos - Loja
04/05/2019;01:00:22;16.62 km/h;Liviano;Malacatos - Loja
04/05/2019;01:04:20;11.41 km/h;Liviano;Loja - Malacatos
04/05/2019;01:06:46;8.38 km/h;Liviano;Loja - Malacatos
04/05/2019;01:06:52;15.06 km/h;Liviano;Loja - Malacatos
04/05/2019;01:06:53;11.07 km/h;Liviano;Loja - Malacatos
04/05/2019;01:19:01;13.92 km/h;Liviano;Loja - Malacatos
04/05/2019;01:19:14;20.29 km/h;Liviano;Loja - Malacatos
04/05/2019;01:19:15;15.49 km/h;Pesado;Loja - Malacatos
04/05/2019;01:23:37;19.99 km/h;Liviano;Loja - Malacatos
04/05/2019;01:23:38;17.53 km/h;Liviano;Malacatos - Loja
04/05/2019;01:24:51;16.31 km/h;Liviano;Loja - Malacatos
04/05/2019;01:25:37;8.47 km/h;Liviano;Malacatos - Loja
04/05/2019;01:30:52;20.40 km/h;Liviano;Loja - Malacatos
04/05/2019;01:35:43;8.10 km/h;Pesado;Malacatos - Loja
04/05/2019;01:37:58;11.47 km/h;Liviano;Malacatos - Loja
04/05/2019;01:38:06;15.53 km/h;Liviano;Malacatos - Loja
04/05/2019;01:38:07;14.54 km/h;Liviano;Malacatos - Loja
04/05/2019;01:38:08;11.31 km/h;Liviano;Loja - Malacatos
04/05/2019;01:39:33;10.33 km/h;Liviano;Malacatos - Loja
04/05/2019;01:39:36;11.37 km/h;Liviano;Malacatos - Loja
04/05/2019;01:49:47;21.40 km/h;Liviano;Malacatos - Loja
04/05/2019;01:51:25;26.46 km/h;Pesado;Malacatos - Loja
04/05/2019;01:52:41;10.95 km/h;Liviano;Loja - Malacatos
04/05/2019;01:52:57;18.83 km/h;Liviano;Loja - Malacatos
04/05/2019;01:53:04;25.16 km/h;Liviano;Loja - Malacatos
04/05/2019;01:56:34;10.09 km/h;Liviano;Malacatos - Loja
04/05/2019;01:56:37;12.29 km/h;Liviano;Malacatos - Loja
04/05/2019;01:56:38;22.89 km/h;Liviano;Loja - Malacatos
04/05/2019;02:14:23;14.02 km/h;Liviano;Loja - Malacatos
04/05/2019;02:14:23;24.92 km/h;Liviano;Malacatos - Loja
04/05/2019;02:14:29;20.29 km/h;Liviano;Loja - Malacatos
04/05/2019;02:14:30;24.27 km/h;Liviano;Loja - Malacatos
04/05/2019;02:14:31;15.33 km/h;Liviano;Loja - Malacatos
04/05/2019;02:17:00;22.73 km/h;Liviano;Malacatos - Loja
04/05/2019;02:22:48;12.06 km/h;Liviano;Malacatos - Loja
04/05/2019;02:22:54;10.98 km/h;Liviano;Malacatos - Loja
04/05/2019;02:22:55;11.14 km/h;Liviano;Malacatos - Loja
04/05/2019;02:24:34;21.65 km/h;Mediano;Malacatos - Loja
04/05/2019;02:24:35;17.06 km/h;Liviano;Malacatos - Loja
04/05/2019;02:28:31;9.69 km/h;Liviano;Loja - Malacatos
04/05/2019;02:28:33;11.16 km/h;Liviano;Malacatos - Loja
04/05/2019;02:28:56;10.62 km/h;Liviano;Malacatos - Loja
04/05/2019;02:30:47;21.42 km/h;Liviano;Malacatos - Loja
04/05/2019;02:30:48;15.22 km/h;Liviano;Malacatos - Loja
04/05/2019;02:41:14;11.83 km/h;Liviano;Malacatos - Loja
04/05/2019;02:48:55;16.49 km/h;Liviano;Malacatos - Loja
04/05/2019;02:49:00;21.17 km/h;Pesado;Loja - Malacatos
04/05/2019;02:49:22;10.87 km/h;Liviano;Malacatos - Loja
04/05/2019;02:49:30;10.75 km/h;Liviano;Loja - Malacatos
04/05/2019;02:49:32;15.79 km/h;Liviano;Loja - Malacatos
04/05/2019;02:50:16;15.50 km/h;Liviano;Malacatos - Loja
04/05/2019;02:51:09;18.56 km/h;Liviano;Loja - Malacatos
04/05/2019;03:01:42;11.11 km/h;Liviano;Loja - Malacatos
04/05/2019;03:01:44;25.45 km/h;Liviano;Malacatos - Loja
04/05/2019;03:01:46;9.87 km/h;Liviano;Loja - Malacatos
04/05/2019;03:01:51;21.63 km/h;Liviano;Loja - Malacatos
04/05/2019;03:20:02;14.52 km/h;Liviano;Loja - Malacatos
04/05/2019;03:20:11;8.54 km/h;Liviano;Loja - Malacatos
04/05/2019;03:20:13;8.82 km/h;Liviano;Malacatos - Loja
04/05/2019;03:20:14;27.77 km/h;Pesado;Malacatos - Loja
04/05/2019;03:25:54;8.23 km/h;Liviano;Malacatos - Loja
04/05/2019;03:25:55;9.56 km/h;Mediano;Loja - Malacatos
04/05/2019;03:25:58;15.60 km/h;Liviano;Malacatos - Loja
04/05/2019;03:25:59;21.76 km/h;Liviano;Loja - Malacatos
04/05/2019;03:26:39;14.74 km/h;Liviano;Loja - Malacatos
04/05/2019;03:26:42;15.66 km/h;Liviano;Loja - Malacatos
04/05/2019;03:26:51;18.40 km/h;Liviano;Loja - Malacatos
04/05/2019;03:26:52;8.94 km/h;Liviano;Loja - Malacatos
04/05/2019;03:27:43;14.32 km/h;Liviano;Malacatos - Loja
04/05/2019;03:27:44;16.95 km/h;Liviano;Malacatos - Loja
04/05/2019;03:29:17;16.64 km/h;Liviano;Loja - Malacatos
04/05/2019;03:35:39;26.34 km/h;Liviano;Malacatos - Loja
04/05/2019;03:45:12;8.24 km/h;Liviano;Loja - Malacatos
04/05/2019;03:45:13;11.13 km/h;Liviano;Loja - Malacatos
04/05/2019;03:45:14;20.02 km/h;Liviano;Loja - Malacatos
04/05/2019;03:47:45;10.46 km/h;Liviano;Malacatos - Loja
04/05/2019;03:48:24;21.73 km/h;Liviano;Loja - Malacatos
04/05/2019;03:59:34;8.34 km/h;Liviano;Malacatos - Loja
04/05/2019;03:59:55;15.98 km/h;Liviano;Loja - Malacatos
04/05/2019;03:59:56;8.03 km/h;Liviano;Loja - Malacatos
04/05/2019;04:04:51;10.12 km/h;Liviano;Malacatos - Loja
04/05/2019;04:09:07;15.58 km/h;Liviano;Loja - Malacatos
04/05/2019;04:09:08;16.36 km/h;Liviano;Loja - Malacatos
04/05/2019;04:10:20;9.90 km/h;Liviano;Malacatos - Loja
04/05/2019;04:10:24;20.29 km/h;Liviano;Loja - Malacatos
04/05/2019;04:13:50;22.10 km/h;Liviano;Loja - Malacatos
04/05/2019;04:13:51;8.69 km/h;Liviano;Loja - Malacatos
04/05/2019;04:13:54;16.87 km/h;Liviano;Malacatos - Loja
04/05/2019;04:13:55;22.27 km/h;Mediano;Loja - Malacatos
04/05/2019;04:14:11;14.49 km/h;Liviano;Malacatos - Loja
04/05/2019;04:14:13;15.94 km/h;Liviano;Loja - Malacatos
04/05/2019;04:16:13;8.54 km/h;Liviano;Loja - Malacatos
04/05/2019;04:16:14;11.39 km/h;Liviano;Loja - Malacatos
04/05/2019;04:16:17;22.06 km/h;Liviano;Malacatos - Loja
04/05/2019;04:16:19;9.11 km/h;Liviano;Malacatos - Loja
04/05/2019;04:17:32;9.13 km/h;Liviano;Malacatos - Loja
04/05/2019;04:17:33;11.91 km/h;Liviano;Loja - Malacatos
04/05/2019;04:17:34;21.25 km/h;Liviano;Malacatos - Loja
04/05/2019;04:17:34;16.13 km/h;Liviano;Loja - Malacatos
04/05/2019;04:19:11;16.28 km/h;Liviano;Loja - Malacatos
04/05/2019;04:19:17;14.85 km/h;Liviano;Loja - Malacatos
04/05/2019;04:19:20;13.20 km/h;Pesado;Malacatos - Loja
04/05/2019;04:19:21;15.12 km/h;Liviano;Loja - Malacatos
04/05/2019;04:19:23;16.36 km/h;Liviano;Loja - Malacatos
04/05/2019;04:19:25;10.30 km/h;Liviano;Malacatos - Loja
04/05/2019;04:19:38;15.32 km/h;Pesado;Malacatos - Loja
04/05/2019;04:19:41;15.18 km/h;Pesado;Loja - Malacatos
04/05/2019;04:19:42;13.28 km/h;Mediano;Loja - Malacatos
04/05/2019;04:19:45;21.39 km/h;Liviano;Malacatos - Loja
04/05/2019;04:27:15;16.04 km/h;Liviano;Malacatos - Loja
04/05/2019;04:27:30;11.41 km/h;Liviano;Loja - Malacatos
04/05/2019;04:27:36;10.31 km/h;Liviano;Loja - Malacatos
04/05/2019;04:27:41;16.17 km/h;Liviano;Loja - Malacatos
04/05/2019;04:27:42;13.02 km/h;Liviano;Loja - Malacatos
04/05/2019;04:28:35;20.02 km/h;Liviano;Malacatos - Loja
04/05/2019;04:28:38;10.30 km/h;Liviano;Loja - Malacatos
04/05/2019;04:30:19;12.65 km/h;Liviano;Malacatos - Loja
04/05/2019;04:30:20;22.18 km/h;Liviano;Malacatos - Loja
04/05/2019;04:30:23;15.94 km/h;Liviano;Loja - Malacatos
04/05/2019;04:32:40;10.85 km/h;Liviano;Malacatos - Loja
04/05/2019;04:32:41;10.60 km/h;Liviano;Malacatos - Loja
04/05/2019;04:33:19;13.09 km/h;Pesado;Loja - Malacatos
04/05/2019;04:33:51;10.75 km/h;Pesado;Loja - Malacatos
04/05/2019;04:33:51;10.81 km/h;Liviano;Malacatos - Loja
04/05/2019;04:34:07;19.72 km/h;Liviano;Loja - Malacatos
04/05/2019;04:34:10;9.13 km/h;Liviano;Loja - Malacatos
04/05/2019;04:34:27;18.83 km/h;Liviano;Loja - Malacatos
04/05/2019;04:35:02;15.58 km/h;Pesado;Malacatos - Loja
04/05/2019;04:36:11;17.07 km/h;Liviano;Malacatos - Loja
04/05/2019;04:37:46;8.96 km/h;Liviano;Loja - Malacatos
04/05/2019;04:37:53;20.77 km/h;Liviano;Malacatos - Loja
04/05/2019;04:39:03;14.60 km/h;Liviano;Loja - Malacatos
04/05/2019;04:39:07;11.05 km/h;Liviano;Loja - Malacatos
04/05/2019;04:39:08;25.36 km/h;Liviano;Loja - Malacatos
04/05/2019;04:39:11;20.45 km/h;Liviano;Loja - Malacatos
04/05/2019;04:40:04;10.66 km/h;Liviano;Malacatos - Loja
04/05/2019;04:40:08;18.07 km/h;Liviano;Malacatos - Loja
04/05/2019;04:42:14;17.47 km/h;Liviano;Malacatos - Loja
04/05/2019;04:42:18;16.96 km/h;Liviano;Malacatos - Loja
04/05/2019;04:42:30;21.33 km/h;Liviano;Loja - Malacatos
04/05/2019;04:43:41;8.56 km/h;Liviano;Loja - Malacatos
04/05/2019;04:45:00;16.23 km/h;Liviano;Loja - Malacatos
04/05/2019;04:45:06;10.22 km/h;Liviano;Loja - Malacatos
04/05/2019;04:45:08;22.56 km/h;Liviano;Loja - Malacatos
04/05/2019;04:45:17;21.47 km/h;Liviano;Loja - Malacatos
04/05/2019;04:46:00;8.96 km/h;Liviano;Loja - Malacatos
04/05/2019;04:46:04;9.11 km/h;Liviano;Loja - Malacatos
04/05/2019;04:46:07;13.62 km/h;Liviano;Malacatos - Loja
04/05/2019;04:46:08;10.60 km/h;Liviano;Malacatos - Loja
04/05/2019;04:46:09;11.52 km/h;Liviano;Loja - Malacatos
04/05/2019;04:47:10;28.13 km/h;Liviano;Loja - Malacatos
04/05/2019;04:47:16;21.42 km/h;Liviano;Loja - Malacatos
04/05/2019;04:47:23;17.23 km/h;Liviano;Loja - Malacatos
04/05/2019;04:47:24;22.80 km/h;Liviano;Loja - Malacatos
04/05/2019;04:48:33;15.24 km/h;Liviano;Loja - Malacatos
04/05/2019;04:48:37;11.87 km/h;Liviano;Loja - Malacatos
04/05/2019;04:48:38;19.83 km/h;Liviano;Loja - Malacatos
04/05/2019;04:49:43;8.95 km/h;Liviano;Loja - Malacatos
04/05/2019;04:49:44;20.61 km/h;Liviano;Malacatos - Loja
04/05/2019;04:49:45;25.96 km/h;Liviano;Malacatos - Loja
04/05/2019;04:49:46;10.62 km/h;Liviano;Malacatos - Loja
04/05/2019;04:49:49;13.84 km/h;Liviano;Loja - Malacatos
04/05/2019;04:50:31;13.47 km/h;Mediano;Loja - Malacatos
04/05/2019;04:50:33;16.39 km/h;Liviano;Loja - Malacatos
04/05/2019;04:50:46;20.10 km/h;Liviano;Loja - Malacatos
04/05/2019;04:50:49;15.59 km/h;Liviano;Malacatos - Loja
04/05/2019;04:51:01;13.31 km/h;Liviano;Loja - Malacatos
04/05/2019;04:51:02;17.24 km/h;Liviano;Loja - Malacatos
04/05/2019;04:52:12;10.49 km/h;Liviano;Loja - Malacatos
04/05/2019;04:52:15;9.94 km/h;Liviano;Malacatos - Loja
04/05/2019;04:52:29;13.63 km/h;Liviano;Loja - Malacatos
04/05/2019;04:52:30;14.32 km/h;Liviano;Loja - Malacatos
04/05/2019;04:52:31;8.41 km/h;Liviano;Loja - Malacatos
04/05/2019;04:54:29;16.19 km/h;Liviano;Loja - Malacatos
04/05/2019;04:56:13;21.56 km/h;Liviano;Loja - Malacatos
04/05/2019;04:56:17;21.40 km/h;Liviano;Loja - Malacatos
04/05/2019;04:56:23;11.59 km/h;Pesado;Loja - Malacatos
04/05/2019;04:56:26;10.86 km/h;Liviano;Malacatos - Loja
04/05/2019;04:56:44;15.30 km/h;Liviano;Malacatos - Loja
04/05/2019;04:56:49;11.19 km/h;Liviano;Loja - Malacatos
04/05/2019;04:56:52;19.04 km/h;Pesado;Loja - Malacatos
04/05/2019;04:57:02;9.31 km/h;Liviano;Malacatos - Loja
04/05/2019;04:57:11;14.65 km/h;Liviano;Loja - Malacatos
04/05/2019;05:03:24;9.73 km/h;Mediano;Malacatos - Loja
04/05/2019;05:03:28;16.05 km/h;Liviano;Loja - Malacatos
04/05/2019;05:03:30;11.08 km/h;Liviano;Malacatos - Loja
04/05/2019;05:03:32;9.59 km/h;Liviano;Malacatos - Loja
04/05/2019;05:04:01;9.80 km/h;Liviano;Loja - Malacatos
04/05/2019;05:04:03;21.83 km/h;Liviano;Malacatos - Loja
04/05/2019;05:06:35;10.13 km/h;Liviano;Loja - Malacatos
04/05/2019;05:06:36;8.58 km/h;Liviano;Loja - Malacatos
04/05/2019;05:08:57;8.98 km/h;Liviano;Malacatos - Loja
04/05/2019;05:09:24;18.03 km/h;Liviano;Loja - Malacatos
04/05/2019;05:09:25;16.97 km/h;Liviano;Malacatos - Loja
04/05/2019;05:09:29;13.24 km/h;Liviano;Malacatos - Loja
04/05/2019;05:09:34;12.45 km/h;Pesado;Malacatos - Loja
04/05/2019;05:09:35;18.05 km/h;Mediano;Malacatos - Loja
04/05/2019;05:09:44;18.11 km/h;Liviano;Loja - Malacatos
04/05/2019;05:09:47;16.42 km/h;Liviano;Loja - Malacatos
04/05/2019;05:10:00;10.41 km/h;Liviano;Loja - Malacatos
04/05/2019;05:10:01;11.24 km/h;Liviano;Malacatos - Loja
04/05/2019;05:10:02;10.64 km/h;Liviano;Malacatos - Loja
04/05/2019;05:11:31;25.25 km/h;Liviano;Malacatos - Loja
04/05/2019;05:11:33;22.27 km/h;Liviano;Malacatos - Loja
04/05/2019;05:11:34;13.81 km/h;Liviano;Malacatos - Loja
04/05/2019;05:11:37;9.87 km/h;Liviano;Malacatos - Loja
04/05/2019;05:11:59;9.35 km/h;Liviano;Loja - Malacatos
04/05/2019;05:12:06;21.27 km/h;Liviano;Loja - Malacatos
04/05/2019;05:13:26;10.17 km/h;Liviano;Malacatos - Loja
04/05/2019;05:15:24;10.61 km/h;Liviano;Loja - Malacatos
04/05/2019;05:15:26;21.14 km/h;Liviano;Loja - Malacatos
04/05/2019;05:16:18;10.27 km/h;Liviano;Malacatos - Loja
04/05/2019;05:16:48;9.30 km/h;Liviano;Malacatos - Loja
04/05/2019;05:16:50;17.18 km/h;Liviano;Malacatos - Loja
04/05/2019;05:17:07;20.55 km/h;Liviano;Loja - Malacatos
04/05/2019;05:17:11;20.91 km/h;Liviano;Loja - Malacatos
04/05/2019;05:17:59;21.99 km/h;Liviano;Malacatos - Loja
04/05/2019;05:18:06;14.82 km/h;Liviano;Loja - Malacatos
04/05/2019;05:18:30;9.62 km/h;Liviano;Loja - Malacatos
04/05/2019;05:19:24;8.42 km/h;Liviano;Loja - Malacatos
04/05/2019;05:19:25;20.13 km/h;Liviano;Loja - Malacatos
04/05/2019;05:19:26;14.85 km/h;Liviano;Loja - Malacatos
04/05/2019;05:19:54;25.26 km/h;Liviano;Loja - Malacatos
04/05/2019;05:20:00;10.23 km/h;Liviano;Loja - Malacatos
04/05/2019;05:20:01;15.09 km/h;Liviano;Loja - Malacatos
04/05/2019;05:20:03;17.46 km/h;Liviano;Loja - Malacatos
04/05/2019;05:20:31;13.82 km/h;Liviano;Loja - Malacatos
04/05/2019;05:20:38;9.48 km/h;Liviano;Loja - Malacatos
04/05/2019;05:21:53;17.14 km/h;Liviano;Malacatos - Loja
04/05/2019;05:22:53;26.44 km/h;Liviano;Loja - Malacatos
04/05/2019;05:23:12;8.62 km/h;Mediano;Malacatos - Loja
04/05/2019;05:23:19;15.04 km/h;Liviano;Loja - Malacatos
04/05/2019;05:23:23;21.58 km/h;Liviano;Loja - Malacatos
04/05/2019;05:23:26;15.46 km/h;Liviano;Loja - Malacatos
04/05/2019;05:24:24;10.56 km/h;Liviano;Malacatos - Loja
04/05/2019;05:24:25;13.68 km/h;Liviano;Malacatos - Loja
04/05/2019;05:24:38;19.38 km/h;Liviano;Loja - Malacatos
04/05/2019;05:24:43;13.20 km/h;Liviano;Loja - Malacatos
04/05/2019;05:24:44;10.79 km/h;Liviano;Loja - Malacatos
04/05/2019;05:24:47;28.77 km/h;Liviano;Loja - Malacatos
04/05/2019;05:24:49;16.89 km/h;Liviano;Loja - Malacatos
04/05/2019;05:26:18;9.81 km/h;Liviano;Loja - Malacatos
04/05/2019;05:27:03;8.12 km/h;Liviano;Malacatos - Loja
04/05/2019;05:27:04;8.20 km/h;Liviano;Malacatos - Loja
04/05/2019;05:27:05;16.89 km/h;Liviano;Loja - Malacatos
04/05/2019;05:27:17;8.71 km/h;Liviano;Malacatos - Loja
04/05/2019;05:27:22;15.79 km/h;Liviano;Malacatos - Loja
04/05/2019;05:27:25;15.70 km/h;Liviano;Loja - Malacatos
04/05/2019;05:27:47;10.36 km/h;Liviano;Loja - Malacatos
04/05/2019;05:29:02;8.28 km/h;Liviano;Loja - Malacatos
04/05/2019;05:30:11;18.30 km/h;Liviano;Loja - Malacatos
04/05/2019;05:30:12;10.39 km/h;Liviano;Loja - Malacatos
04/05/2019;05:32:28;9.14 km/h;Liviano;Loja - Malacatos
04/05/2019;05:32:30;9.19 km/h;Liviano;Loja - Malacatos
04/05/2019;05:32:41;20.94 km/h;Liviano;Loja - Malacatos
04/05/2019;05:33:19;8.32 km/h;Liviano;Malacatos - Loja
04/05/2019;05:33:22;8.45 km/h;Liviano;Loja - Malacatos
04/05/2019;05:33:25;28.64 km/h;Liviano;Loja - Malacatos
04/05/2019;05:34:05;13.12 km/h;Liviano;Loja - Malacatos
04/05/2019;05:34:13;9.54 km/h;Liviano;Malacatos - Loja
04/05/2019;05:34:45;16.78 km/h;Liviano;Loja - Malacatos
04/05/2019;05:34:54;16.51 km/h;Liviano;Loja - Malacatos
04/05/2019;05:35:18;14.14 km/h;Liviano;Malacatos - Loja
04/05/2019;05:35:18;15.59 km/h;Liviano;Loja - Malacatos
04/05/2019;05:35:20;10.94 km/h;Liviano;Loja - Malacatos
04/05/2019;05:35:21;16.41 km/h;Liviano;Loja - Malacatos
04/05/2019;05:36:37;27.56 km/h;Liviano;Malacatos - Loja
04/05/2019;05:37:19;14.52 km/h;Liviano;Malacatos - Loja
04/05/2019;05:37:21;10.91 km/h;Liviano;Loja - Malacatos
04/05/2019;05:37:50;15.86 km/h;Liviano;Malacatos - Loja
04/05/2019;05:37:51;21.75 km/h;Liviano;Loja - Malacatos
04/05/2019;05:38:34;12.28 km/h;Liviano;Loja - Malacatos
04/05/2019;05:38:41;22.45 km/h;Liviano;Loja - Malacatos
04/05/2019;05:39:38;20.07 km/h;Liviano;Loja - Malacatos
04/05/2019;05:39:40;21.63 km/h;Liviano;Malacatos - Loja
04/05/2019;05:39:45;16.79 km/h;Pesado;Loja - Malacatos
04/05/2019;05:43:53;11.38 km/h;Liviano;Malacatos - Loja
04/05/2019;05:44:01;15.07 km/h;Liviano;Malacatos - Loja
04/05/2019;05:44:02;10.87 km/h;Liviano;Loja - Malacatos
04/05/2019;05:44:23;21.47 km/h;Liviano;Loja - Malacatos
04/05/2019;05:45:13;9.02 km/h;Liviano;Loja - Malacatos
04/05/2019;05:45:18;15.07 km/h;Liviano;Loja - Malacatos
04/05/2019;05:45:20;22.51 km/h;Liviano;Loja - Malacatos
04/05/2019;05:47:17;13.05 km/h;Liviano;Loja - Malacatos
04/05/2019;05:47:27;9.95 km/h;Liviano;Loja - Malacatos
04/05/2019;05:48:42;17.70 km/h;Liviano;Loja - Malacatos
04/05/2019;05:49:41;15.93 km/h;Liviano;Loja - Malacatos
04/05/2019;05:49:41;11.25 km/h;Liviano;Malacatos - Loja
04/05/2019;05:49:42;17.48 km/h;Liviano;Malacatos - Loja
04/05/2019;05:49:44;15.27 km/h;Liviano;Malacatos - Loja
04/05/2019;05:50:08;8.41 km/h;Liviano;Loja - Malacatos
04/05/2019;05:50:12;26.37 km/h;Liviano;Loja - Malacatos
04/05/2019;05:50:28;21.61 km/h;Liviano;Malacatos - Loja
04/05/2019;05:50:36;18.56 km/h;Liviano;Loja - Malacatos
04/05/2019;05:50:43;22.07 km/h;Liviano;Loja - Malacatos
04/05/2019;05:51:28;8.30 km/h;Liviano;Loja - Malacatos
04/05/2019;05:53:21;9.56 km/h;Liviano;Loja - Malacatos
04/05/2019;05:53:28;10.86 km/h;Liviano;Loja - Malacatos
04/05/2019;05:54:05;9.65 km/h;Liviano;Loja - Malacatos
04/05/2019;05:54:34;8.95 km/h;Liviano;Loja - Malacatos
04/05/2019;05:54:45;15.86 km/h;Liviano;Loja - Malacatos
04/05/2019;05:54:46;13.12 km/h;Liviano;Loja - Malacatos
04/05/2019;05:55:44;9.61 km/h;Liviano;Loja - Malacatos
04/05/2019;05:55:46;22.66 km/h;Liviano;Malacatos - Loja
04/05/2019;05:56:04;15.86 km/h;Liviano;Loja - Malacatos
04/05/2019;05:56:05;13.06 km/h;Liviano;Loja - Malacatos
04/05/2019;05:56:12;12.31 km/h;Liviano;Malacatos - Loja
04/05/2019;05:56:20;16.15 km/h;Liviano;Loja - Malacatos
04/05/2019;05:57:07;17.93 km/h;Liviano;Loja - Malacatos
04/05/2019;05:57:11;9.35 km/h;Liviano;Loja - Malacatos
04/05/2019;05:57:13;17.47 km/h;Liviano;Loja - Malacatos
04/05/2019;05:57:17;13.19 km/h;Liviano;Loja - Malacatos
04/05/2019;05:57:30;20.61 km/h;Liviano;Loja - Malacatos
04/05/2019;05:57:39;18.56 km/h;Liviano;Malacatos - Loja
04/05/2019;05:57:47;15.55 km/h;Liviano;Loja - Malacatos
04/05/2019;05:59:00;17.21 km/h;Liviano;Malacatos - Loja
04/05/2019;05:59:25;15.03 km/h;Liviano;Malacatos - Loja
04/05/2019;05:59:26;12.92 km/h;Liviano;Loja - Malacatos
04/05/2019;05:59:27;21.75 km/h;Liviano;Loja - Malacatos
04/05/2019;06:00:29;11.48 km/h;Liviano;Loja - Malacatos
04/05/2019;06:00:49;20.61 km/h;Liviano;Malacatos - Loja
04/05/2019;06:01:10;21.17 km/h;Liviano;Loja - Malacatos
04/05/2019;06:02:29;12.36 km/h;Liviano;Malacatos - Loja
04/05/2019;06:02:57;12.43 km/h;Liviano;Malacatos - Loja
04/05/2019;06:03:48;9.51 km/h;Pesado;Loja - Malacatos
04/05/2019;06:03:51;15.40 km/h;Liviano;Loja - Malacatos
04/05/2019;06:03:52;11.09 km/h;Liviano;Loja - Malacatos
04/05/2019;06:04:42;9.20 km/h;Liviano;Malacatos - Loja
04/05/2019;06:07:32;20.79 km/h;Liviano;Malacatos - Loja
04/05/2019;06:08:06;20.07 km/h;Liviano;Malacatos - Loja
04/05/2019;06:08:21;12.87 km/h;Liviano;Malacatos - Loja
04/05/2019;06:09:06;11.64 km/h;Liviano;Loja - Malacatos
04/05/2019;06:09:11;20.55 km/h;Liviano;Malacatos - Loja
04/05/2019;06:09:26;14.65 km/h;Liviano;Loja - Malacatos
04/05/2019;06:09:30;20.97 km/h;Liviano;Loja - Malacatos
04/05/2019;06:09:31;10.52 km/h;Liviano;Loja - Malacatos
04/05/2019;06:09:43;20.71 km/h;Liviano;Malacatos - Loja
04/05/2019;06:10:08;10.20 km/h;Liviano;Malacatos - Loja
04/05/2019;06:10:15;21.22 km/h;Liviano;Loja - Malacatos
04/05/2019;06:10:17;10.95 km/h;Liviano;Loja - Malacatos
04/05/2019;06:11:00;8.02 km/h;Liviano;Malacatos - Loja
04/05/2019;06:12:02;11.31 km/h;Liviano;Loja - Malacatos
04/05/2019;06:12:04;13.13 km/h;Liviano;Loja - Malacatos
04/05/2019;06:12:09;14.04 km/h;Liviano;Loja - Malacatos
04/05/2019;06:12:09;8.22 km/h;Liviano;Malacatos - Loja
04/05/2019;06:12:11;16.78 km/h;Liviano;Loja - Malacatos
04/05/2019;06:12:49;23.09 km/h;Liviano;Loja - Malacatos
04/05/2019;06:13:07;13.63 km/h;Liviano;Loja - Malacatos
04/05/2019;06:13:18;10.47 km/h;Liviano;Loja - Malacatos
04/05/2019;06:13:24;20.25 km/h;Liviano;Loja - Malacatos
04/05/2019;06:13:47;8.43 km/h;Liviano;Malacatos - Loja
04/05/2019;06:13:48;11.48 km/h;Pesado;Malacatos - Loja
04/05/2019;06:13:50;11.94 km/h;Liviano;Loja - Malacatos
04/05/2019;06:13:51;23.46 km/h;Liviano;Loja - Malacatos
04/05/2019;06:14:12;16.66 km/h;Liviano;Loja - Malacatos
04/05/2019;06:14:12;11.28 km/h;Liviano;Malacatos - Loja
04/05/2019;06:14:20;20.35 km/h;Liviano;Loja - Malacatos
04/05/2019;06:15:05;21.27 km/h;Liviano;Loja - Malacatos
04/05/2019;06:15:17;20.45 km/h;Liviano;Loja - Malacatos
04/05/2019;06:15:39;22.88 km/h;Liviano;Loja - Malacatos
04/05/2019;06:16:00;12.14 km/h;Pesado;Loja - Malacatos
04/05/2019;06:17:53;11.20 km/h;Liviano;Malacatos - Loja
04/05/2019;06:18:40;13.89 km/h;Liviano;Loja - Malacatos
04/05/2019;06:19:03;21.45 km/h;Liviano;Loja - Malacatos
04/05/2019;06:19:11;22.43 km/h;Liviano;Loja - Malacatos
04/05/2019;06:20:50;15.38 km/h;Liviano;Loja - Malacatos
04/05/2019;06:21:11;14.49 km/h;Liviano;Loja - Malacatos
04/05/2019;06:21:56;20.40 km/h;Liviano;Malacatos - Loja
04/05/2019;06:23:55;8.26 km/h;Mediano;Loja - Malacatos
04/05/2019;06:23:57;24.50 km/h;Liviano;Loja - Malacatos
04/05/2019;06:24:22;16.50 km/h;Pesado;Loja - Malacatos
04/05/2019;06:24:29;15.30 km/h;Liviano;Malacatos - Loja
04/05/2019;06:25:49;23.22 km/h;Liviano;Loja - Malacatos
04/05/2019;06:26:17;13.92 km/h;Liviano;Malacatos - Loja
04/05/2019;06:27:49;20.31 km/h;Liviano;Malacatos - Loja
04/05/2019;06:28:07;15.38 km/h;Liviano;Malacatos - Loja
04/05/2019;06:28:17;14.26 km/h;Liviano;Loja - Malacatos
04/05/2019;06:30:28;12.21 km/h;Mediano;Loja - Malacatos
04/05/2019;06:31:23;9.88 km/h;Liviano;Loja - Malacatos
04/05/2019;06:32:12;18.30 km/h;Liviano;Loja - Malacatos
04/05/2019;06:32:24;10.74 km/h;Liviano;Malacatos - Loja
04/05/2019;06:32:35;12.22 km/h;Mediano;Loja - Malacatos
04/05/2019;06:33:36;15.41 km/h;Liviano;Loja - Malacatos
04/05/2019;06:34:38;22.21 km/h;Liviano;Loja - Malacatos
04/05/2019;06:35:20;9.15 km/h;Liviano;Loja - Malacatos
04/05/2019;06:35:23;20.61 km/h;Liviano;Loja - Malacatos
04/05/2019;06:35:24;27.62 km/h;Liviano;Loja - Malacatos
04/05/2019;06:36:06;20.10 km/h;Liviano;Loja - Malacatos
04/05/2019;06:36:52;8.42 km/h;Mediano;Loja - Malacatos
04/05/2019;06:37:01;9.66 km/h;Mediano;Loja - Malacatos
04/05/2019;06:38:00;21.60 km/h;Liviano;Loja - Malacatos
04/05/2019;06:42:33;21.31 km/h;Liviano;Malacatos - Loja
04/05/2019;06:43:10;21.64 km/h;Liviano;Loja - Malacatos
04/05/2019;06:43:31;19.53 km/h;Mediano;Loja - Malacatos
04/05/2019;06:43:32;11.08 km/h;Liviano;Loja - Malacatos
04/05/2019;06:43:46;23.36 km/h;Liviano;Loja - Malacatos
04/05/2019;06:44:48;18.58 km/h;Liviano;Loja - Malacatos
04/05/2019;06:44:55;16.17 km/h;Liviano;Loja - Malacatos
04/05/2019;06:47:40;20.14 km/h;Liviano;Malacatos - Loja
04/05/2019;06:52:31;21.17 km/h;Liviano;Loja - Malacatos
04/05/2019;06:52:48;16.67 km/h;Mediano;Loja - Malacatos
04/05/2019;06:52:55;11.59 km/h;Mediano;Loja - Malacatos
04/05/2019;06:53:05;15.30 km/h;Liviano;Malacatos - Loja
04/05/2019;06:54:29;20.61 km/h;Liviano;Loja - Malacatos
04/05/2019;06:54:53;22.16 km/h;Liviano;Loja - Malacatos
04/05/2019;06:54:56;21.33 km/h;Liviano;Loja - Malacatos
04/05/2019;06:55:26;12.10 km/h;Liviano;Loja - Malacatos
04/05/2019;06:56:37;19.39 km/h;Liviano;Loja - Malacatos
04/05/2019;06:57:55;8.66 km/h;Liviano;Loja - Malacatos
04/05/2019;06:59:41;16.05 km/h;Liviano;Loja - Malacatos
04/05/2019;06:59:53;13.73 km/h;Liviano;Malacatos - Loja
04/05/2019;07:00:17;20.20 km/h;Liviano;Loja - Malacatos
04/05/2019;07:00:21;13.54 km/h;Liviano;Loja - Malacatos
04/05/2019;07:00:36;15.58 km/h;Liviano;Loja - Malacatos
04/05/2019;07:01:17;21.17 km/h;Liviano;Loja - Malacatos
04/05/2019;07:01:52;21.33 km/h;Liviano;Loja - Malacatos
04/05/2019;07:02:56;10.24 km/h;Liviano;Loja - Malacatos
04/05/2019;07:03:03;19.65 km/h;Liviano;Loja - Malacatos
04/05/2019;07:03:49;21.43 km/h;Liviano;Loja - Malacatos
04/05/2019;07:03:51;9.02 km/h;Liviano;Loja - Malacatos
04/05/2019;07:05:04;24.05 km/h;Liviano;Loja - Malacatos
04/05/2019;07:05:12;14.85 km/h;Pesado;Loja - Malacatos
04/05/2019;07:06:07;10.31 km/h;Liviano;Loja - Malacatos
04/05/2019;07:06:15;13.73 km/h;Liviano;Loja - Malacatos
04/05/2019;07:06:35;21.04 km/h;Liviano;Loja - Malacatos
04/05/2019;07:08:29;16.38 km/h;Mediano;Loja - Malacatos
04/05/2019;07:08:44;13.63 km/h;Liviano;Malacatos - Loja
04/05/2019;07:10:04;17.14 km/h;Liviano;Malacatos - Loja
04/05/2019;07:10:19;9.80 km/h;Liviano;Malacatos - Loja
04/05/2019;07:10:20;28.80 km/h;Liviano;Loja - Malacatos
04/05/2019;07:10:45;20.40 km/h;Liviano;Loja - Malacatos
04/05/2019;07:11:01;14.51 km/h;Liviano;Loja - Malacatos
04/05/2019;07:11:30;18.68 km/h;Liviano;Loja - Malacatos
04/05/2019;07:12:12;20.55 km/h;Liviano;Loja - Malacatos
04/05/2019;07:12:45;18.17 km/h;Liviano;Loja - Malacatos
04/05/2019;07:12:51;16.22 km/h;Liviano;Loja - Malacatos
04/05/2019;07:13:44;13.72 km/h;Mediano;Malacatos - Loja
04/05/2019;07:14:06;20.51 km/h;Liviano;Loja - Malacatos
04/05/2019;07:14:10;18.63 km/h;Liviano;Loja - Malacatos
04/05/2019;07:14:47;12.15 km/h;Liviano;Loja - Malacatos
04/05/2019;07:15:35;23.28 km/h;Liviano;Loja - Malacatos
04/05/2019;07:16:21;12.75 km/h;Mediano;Loja - Malacatos
04/05/2019;07:18:50;17.93 km/h;Liviano;Loja - Malacatos
04/05/2019;07:19:30;18.34 km/h;Mediano;Loja - Malacatos
04/05/2019;07:19:48;21.12 km/h;Liviano;Loja - Malacatos
04/05/2019;07:20:02;15.95 km/h;Liviano;Loja - Malacatos
04/05/2019;07:20:37;16.47 km/h;Liviano;Loja - Malacatos
04/05/2019;07:22:24;15.37 km/h;Liviano;Loja - Malacatos
04/05/2019;07:22:46;14.93 km/h;Liviano;Loja - Malacatos
04/05/2019;07:23:36;20.80 km/h;Liviano;Malacatos - Loja
04/05/2019;07:24:12;21.43 km/h;Liviano;Loja - Malacatos
04/05/2019;07:26:01;20.71 km/h;Liviano;Loja - Malacatos
04/05/2019;07:26:02;18.73 km/h;Mediano;Loja - Malacatos
04/05/2019;07:27:02;14.69 km/h;Liviano;Loja - Malacatos
04/05/2019;07:29:08;25.38 km/h;Liviano;Loja - Malacatos
04/05/2019;07:29:19;17.47 km/h;Liviano;Loja - Malacatos
04/05/2019;07:30:00;20.61 km/h;Liviano;Loja - Malacatos
04/05/2019;07:30:04;18.17 km/h;Liviano;Loja - Malacatos
04/05/2019;07:30:05;24.25 km/h;Liviano;Loja - Malacatos
04/05/2019;07:31:39;17.98 km/h;Liviano;Loja - Malacatos
04/05/2019;07:31:43;18.30 km/h;Liviano;Loja - Malacatos
04/05/2019;07:32:14;16.03 km/h;Liviano;Loja - Malacatos
04/05/2019;07:33:57;10.74 km/h;Liviano;Malacatos - Loja
04/05/2019;07:36:01;21.99 km/h;Liviano;Loja - Malacatos
04/05/2019;07:38:48;21.04 km/h;Liviano;Loja - Malacatos
04/05/2019;07:39:09;20.86 km/h;Liviano;Loja - Malacatos
04/05/2019;07:40:04;22.56 km/h;Liviano;Loja - Malacatos
04/05/2019;07:40:07;20.31 km/h;Liviano;Malacatos - Loja
04/05/2019;07:43:06;15.38 km/h;Liviano;Loja - Malacatos
04/05/2019;07:43:13;20.40 km/h;Liviano;Loja - Malacatos
04/05/2019;07:45:22;16.57 km/h;Liviano;Loja - Malacatos
04/05/2019;07:45:26;21.39 km/h;Liviano;Malacatos - Loja
04/05/2019;07:46:30;20.49 km/h;Liviano;Loja - Malacatos
04/05/2019;07:47:30;21.48 km/h;Liviano;Loja - Malacatos
04/05/2019;07:47:56;15.92 km/h;Liviano;Malacatos - Loja
04/05/2019;07:48:09;19.59 km/h;Liviano;Loja - Malacatos
04/05/2019;07:48:28;17.93 km/h;Liviano;Malacatos - Loja
04/05/2019;07:49:54;25.40 km/h;Liviano;Loja - Malacatos
04/05/2019;07:50:31;11.59 km/h;Liviano;Malacatos - Loja
04/05/2019;07:50:47;20.61 km/h;Liviano;Malacatos - Loja
04/05/2019;07:51:20;21.33 km/h;Liviano;Loja - Malacatos
04/05/2019;07:55:18;17.93 km/h;Liviano;Malacatos - Loja
04/05/2019;07:56:35;21.31 km/h;Liviano;Loja - Malacatos
04/05/2019;07:58:08;15.50 km/h;Liviano;Malacatos - Loja
04/05/2019;07:58:16;20.25 km/h;Liviano;Malacatos - Loja
04/05/2019;07:58:53;16.42 km/h;Liviano;Loja - Malacatos
04/05/2019;08:00:36;16.85 km/h;Mediano;Loja - Malacatos
04/05/2019;08:01:14;20.20 km/h;Liviano;Loja - Malacatos
04/05/2019;08:02:05;18.30 km/h;Liviano;Loja - Malacatos
04/05/2019;08:02:06;26.44 km/h;Liviano;Loja - Malacatos
04/05/2019;08:02:11;23.50 km/h;Liviano;Loja - Malacatos
04/05/2019;08:02:28;19.72 km/h;Liviano;Loja - Malacatos
04/05/2019;08:04:29;19.91 km/h;Liviano;Malacatos - Loja
04/05/2019;08:06:06;19.65 km/h;Liviano;Loja - Malacatos
04/05/2019;08:08:08;22.89 km/h;Liviano;Loja - Malacatos
04/05/2019;08:08:37;16.03 km/h;Liviano;Loja - Malacatos
04/05/2019;08:09:09;21.23 km/h;Liviano;Malacatos - Loja
04/05/2019;08:09:35;15.28 km/h;Liviano;Loja - Malacatos
04/05/2019;08:09:53;12.20 km/h;Liviano;Loja - Malacatos
04/05/2019;08:10:29;10.20 km/h;Liviano;Loja - Malacatos
04/05/2019;08:12:49;21.17 km/h;Liviano;Loja - Malacatos
04/05/2019;08:12:55;16.77 km/h;Mediano;Loja - Malacatos
04/05/2019;08:13:39;20.61 km/h;Liviano;Loja - Malacatos
04/05/2019;08:15:25;20.50 km/h;Liviano;Malacatos - Loja
04/05/2019;08:17:06;20.30 km/h;Liviano;Loja - Malacatos
04/05/2019;08:18:16;20.55 km/h;Liviano;Malacatos - Loja
04/05/2019;08:18:18;13.92 km/h;Liviano;Malacatos - Loja
04/05/2019;08:21:35;20.61 km/h;Liviano;Malacatos - Loja
04/05/2019;08:21:39;15.30 km/h;Liviano;Loja - Malacatos
04/05/2019;08:22:51;17.76 km/h;Mediano;Loja - Malacatos
04/05/2019;08:27:25;20.30 km/h;Liviano;Loja - Malacatos
04/05/2019;08:27:38;20.40 km/h;Liviano;Loja - Malacatos
04/05/2019;08:27:55;22.79 km/h;Liviano;Loja - Malacatos
04/05/2019;08:30:43;18.30 km/h;Liviano;Malacatos - Loja
04/05/2019;08:31:01;14.26 km/h;Liviano;Malacatos - Loja
04/05/2019;08:31:50;10.10 km/h;Liviano;Loja - Malacatos
04/05/2019;08:32:01;15.06 km/h;Liviano;Loja - Malacatos
04/05/2019;08:36:21;17.80 km/h;Liviano;Loja - Malacatos
04/05/2019;08:36:22;13.37 km/h;Liviano;Loja - Malacatos
04/05/2019;08:36:38;9.12 km/h;Liviano;Loja - Malacatos
04/05/2019;08:37:24;23.35 km/h;Liviano;Loja - Malacatos
04/05/2019;08:37:31;19.01 km/h;Mediano;Loja - Malacatos
04/05/2019;08:37:32;15.51 km/h;Liviano;Loja - Malacatos
04/05/2019;08:38:17;22.37 km/h;Liviano;Loja - Malacatos
04/05/2019;08:39:50;22.16 km/h;Liviano;Malacatos - Loja
04/05/2019;08:41:58;15.08 km/h;Liviano;Malacatos - Loja
04/05/2019;08:42:04;15.28 km/h;Liviano;Malacatos - Loja
04/05/2019;08:42:20;20.67 km/h;Liviano;Malacatos - Loja
04/05/2019;08:42:25;8.23 km/h;Liviano;Loja - Malacatos
04/05/2019;08:42:51;19.26 km/h;Mediano;Loja - Malacatos
04/05/2019;08:43:46;20.50 km/h;Liviano;Malacatos - Loja
04/05/2019;08:45:55;22.91 km/h;Liviano;Loja - Malacatos
04/05/2019;08:46:40;48.89 km/h;Liviano;Malacatos - Loja
04/05/2019;08:46:49;46.82 km/h;Liviano;Malacatos - Loja
04/05/2019;08:46:50;47.72 km/h;Liviano;Malacatos - Loja
04/05/2019;08:47:13;23.17 km/h;Liviano;Malacatos - Loja
04/05/2019;08:47:33;60.01 km/h;Liviano;Malacatos - Loja
04/05/2019;08:47:52;9.69 km/h;Liviano;Loja - Malacatos
04/05/2019;08:48:27;21.42 km/h;Liviano;Loja - Malacatos
04/05/2019;08:49:34;67.43 km/h;Liviano;Malacatos - Loja
04/05/2019;08:49:38;19.93 km/h;Pesado;Loja - Malacatos
04/05/2019;08:49:44;17.52 km/h;Liviano;Loja - Malacatos
04/05/2019;08:50:35;62.50 km/h;Liviano;Malacatos - Loja
04/05/2019;08:50:39;37.23 km/h;Liviano;Malacatos - Loja
04/05/2019;08:50:41;22.42 km/h;Liviano;Loja - Malacatos
04/05/2019;08:50:42;48.89 km/h;Liviano;Malacatos - Loja
04/05/2019;08:51:19;15.43 km/h;Liviano;Loja - Malacatos
04/05/2019;08:51:36;40.18 km/h;Mediano;Malacatos - Loja
04/05/2019;08:52:47;32.40 km/h;Liviano;Loja - Malacatos
04/05/2019;08:53:08;13.73 km/h;Liviano;Malacatos - Loja
04/05/2019;08:53:10;17.82 km/h;Liviano;Malacatos - Loja
04/05/2019;08:53:39;20.40 km/h;Liviano;Loja - Malacatos
04/05/2019;08:54:28;15.70 km/h;Liviano;Loja - Malacatos
04/05/2019;08:54:45;19.03 km/h;Liviano;Loja - Malacatos
04/05/2019;08:54:45;57.38 km/h;Liviano;Malacatos - Loja
04/05/2019;08:55:16;16.88 km/h;Liviano;Loja - Malacatos
04/05/2019;08:55:53;24.21 km/h;Liviano;Loja - Malacatos
04/05/2019;08:55:54;29.56 km/h;Liviano;Loja - Malacatos
04/05/2019;08:56:00;28.11 km/h;Liviano;Loja - Malacatos
04/05/2019;08:56:18;21.11 km/h;Liviano;Loja - Malacatos
04/05/2019;08:56:37;59.10 km/h;Liviano;Malacatos - Loja
04/05/2019;08:56:44;36.88 km/h;Pesado;Malacatos - Loja
04/05/2019;08:56:49;22.31 km/h;Liviano;Loja - Malacatos
04/05/2019;08:58:01;19.22 km/h;Liviano;Loja - Malacatos
04/05/2019;08:58:53;10.16 km/h;Mediano;Loja - Malacatos
04/05/2019;08:58:59;16.11 km/h;Liviano;Loja - Malacatos
04/05/2019;08:59:11;40.37 km/h;Pesado;Malacatos - Loja
04/05/2019;08:59:13;54.82 km/h;Liviano;Malacatos - Loja
04/05/2019;08:59:22;63.78 km/h;Liviano;Malacatos - Loja
04/05/2019;08:59:32;55.59 km/h;Liviano;Malacatos - Loja
04/05/2019;08:59:33;64.25 km/h;Liviano;Malacatos - Loja
04/05/2019;08:59:39;10.48 km/h;Liviano;Loja - Malacatos
04/05/2019;09:00:10;73.69 km/h;Liviano;Malacatos - Loja
04/05/2019;09:00:35;17.29 km/h;Liviano;Loja - Malacatos
04/05/2019;09:01:22;15.61 km/h;Liviano;Malacatos - Loja
04/05/2019;09:02:13;22.56 km/h;Liviano;Loja - Malacatos
04/05/2019;09:02:15;24.74 km/h;Liviano;Loja - Malacatos
04/05/2019;09:03:03;17.48 km/h;Liviano;Loja - Malacatos
04/05/2019;09:05:19;21.63 km/h;Liviano;Loja - Malacatos
04/05/2019;09:06:15;15.99 km/h;Liviano;Malacatos - Loja
04/05/2019;09:06:36;15.59 km/h;Liviano;Malacatos - Loja
04/05/2019;09:07:09;22.68 km/h;Liviano;Loja - Malacatos
04/05/2019;09:07:46;25.50 km/h;Liviano;Loja - Malacatos
04/05/2019;09:14:02;13.41 km/h;Liviano;Loja - Malacatos
04/05/2019;09:15:48;67.15 km/h;Liviano;Malacatos - Loja
04/05/2019;09:15:53;21.06 km/h;Liviano;Loja - Malacatos
04/05/2019;09:16:12;22.30 km/h;Liviano;Loja - Malacatos
04/05/2019;09:16:23;38.29 km/h;Liviano;Loja - Malacatos
04/05/2019;09:16:45;15.08 km/h;Liviano;Malacatos - Loja
04/05/2019;09:16:51;20.73 km/h;Liviano;Loja - Malacatos
04/05/2019;09:16:56;28.39 km/h;Liviano;Loja - Malacatos
04/05/2019;09:16:57;34.21 km/h;Liviano;Loja - Malacatos
04/05/2019;09:17:26;82.57 km/h;Liviano;Malacatos - Loja
04/05/2019;09:17:39;55.03 km/h;Liviano;Malacatos - Loja
04/05/2019;09:17:40;31.87 km/h;Liviano;Malacatos - Loja
04/05/2019;09:17:43;63.10 km/h;Liviano;Malacatos - Loja
04/05/2019;09:17:45;54.93 km/h;Liviano;Malacatos - Loja
04/05/2019;09:17:46;59.26 km/h;Liviano;Malacatos - Loja
04/05/2019;09:18:41;26.31 km/h;Liviano;Loja - Malacatos
04/05/2019;09:18:44;55.90 km/h;Pesado;Loja - Malacatos
04/05/2019;09:19:17;59.86 km/h;Liviano;Malacatos - Loja
04/05/2019;09:19:36;76.79 km/h;Liviano;Malacatos - Loja
04/05/2019;09:19:56;13.74 km/h;Liviano;Loja - Malacatos
04/05/2019;09:19:56;26.67 km/h;Liviano;Malacatos - Loja
04/05/2019;09:19:57;55.02 km/h;Liviano;Malacatos - Loja
04/05/2019;09:19:58;41.06 km/h;Liviano;Malacatos - Loja
04/05/2019;09:20:02;25.76 km/h;Liviano;Loja - Malacatos
04/05/2019;09:20:05;15.41 km/h;Liviano;Loja - Malacatos
04/05/2019;09:20:24;69.25 km/h;Liviano;Malacatos - Loja
04/05/2019;09:20:41;37.19 km/h;Liviano;Malacatos - Loja
04/05/2019;09:20:59;60.10 km/h;Liviano;Malacatos - Loja
04/05/2019;09:21:16;21.15 km/h;Liviano;Malacatos - Loja
04/05/2019;09:21:59;9.55 km/h;Liviano;Malacatos - Loja
04/05/2019;09:22:06;66.94 km/h;Liviano;Malacatos - Loja
04/05/2019;09:22:27;14.68 km/h;Liviano;Malacatos - Loja
04/05/2019;09:22:29;24.32 km/h;Liviano;Loja - Malacatos
04/05/2019;09:22:41;20.88 km/h;Liviano;Loja - Malacatos
04/05/2019;09:22:54;13.73 km/h;Liviano;Loja - Malacatos
04/05/2019;09:23:07;21.43 km/h;Liviano;Loja - Malacatos
04/05/2019;09:23:33;14.54 km/h;Liviano;Loja - Malacatos
04/05/2019;09:23:48;65.30 km/h;Liviano;Malacatos - Loja
04/05/2019;09:24:54;22.74 km/h;Liviano;Loja - Malacatos
04/05/2019;09:24:58;70.59 km/h;Liviano;Malacatos - Loja
04/05/2019;09:25:05;22.30 km/h;Liviano;Malacatos - Loja
04/05/2019;09:25:46;27.04 km/h;Liviano;Loja - Malacatos
04/05/2019;09:25:57;15.66 km/h;Liviano;Malacatos - Loja
04/05/2019;09:26:17;20.40 km/h;Liviano;Loja - Malacatos
04/05/2019;09:26:32;33.68 km/h;Liviano;Malacatos - Loja
04/05/2019;09:26:39;72.05 km/h;Liviano;Malacatos - Loja
04/05/2019;09:26:49;20.40 km/h;Liviano;Loja - Malacatos
04/05/2019;09:27:26;39.84 km/h;Liviano;Malacatos - Loja
04/05/2019;09:27:29;50.97 km/h;Liviano;Malacatos - Loja
04/05/2019;09:27:31;20.55 km/h;Liviano;Loja - Malacatos
04/05/2019;09:27:37;8.45 km/h;Liviano;Loja - Malacatos
04/05/2019;09:28:39;20.71 km/h;Liviano;Loja - Malacatos
04/05/2019;09:28:43;19.86 km/h;Liviano;Loja - Malacatos
04/05/2019;09:28:51;55.40 km/h;Liviano;Malacatos - Loja
04/05/2019;09:29:03;20.96 km/h;Liviano;Loja - Malacatos
04/05/2019;09:29:14;19.10 km/h;Liviano;Loja - Malacatos
04/05/2019;09:29:47;43.87 km/h;Liviano;Loja - Malacatos
04/05/2019;09:29:54;42.09 km/h;Liviano;Malacatos - Loja
04/05/2019;09:29:57;58.15 km/h;Liviano;Malacatos - Loja
04/05/2019;09:29:59;45.01 km/h;Liviano;Malacatos - Loja
04/05/2019;09:30:00;34.58 km/h;Liviano;Loja - Malacatos
04/05/2019;09:30:31;31.31 km/h;Liviano;Loja - Malacatos
04/05/2019;09:30:41;16.23 km/h;Liviano;Malacatos - Loja
04/05/2019;09:30:54;12.93 km/h;Liviano;Loja - Malacatos
04/05/2019;09:31:31;70.54 km/h;Liviano;Malacatos - Loja
04/05/2019;09:31:31;15.28 km/h;Mediano;Loja - Malacatos
04/05/2019;09:32:02;13.14 km/h;Liviano;Loja - Malacatos
04/05/2019;09:32:25;16.11 km/h;Liviano;Loja - Malacatos
04/05/2019;09:32:26;89.36 km/h;Liviano;Malacatos - Loja
04/05/2019;09:32:33;22.78 km/h;Liviano;Malacatos - Loja
04/05/2019;09:32:44;65.87 km/h;Liviano;Malacatos - Loja
04/05/2019;09:32:57;60.10 km/h;Liviano;Malacatos - Loja
04/05/2019;09:33:26;10.66 km/h;Liviano;Loja - Malacatos
04/05/2019;09:33:48;53.58 km/h;Liviano;Malacatos - Loja
04/05/2019;09:34:01;85.88 km/h;Liviano;Malacatos - Loja
04/05/2019;09:34:02;51.99 km/h;Liviano;Malacatos - Loja
04/05/2019;09:34:19;58.83 km/h;Liviano;Malacatos - Loja
04/05/2019;09:35:03;22.05 km/h;Liviano;Loja - Malacatos
04/05/2019;09:35:12;21.22 km/h;Liviano;Loja - Malacatos
04/05/2019;09:35:39;19.59 km/h;Liviano;Loja - Malacatos
04/05/2019;09:35:51;65.95 km/h;Liviano;Malacatos - Loja
04/05/2019;09:35:57;90.34 km/h;Liviano;Malacatos - Loja
04/05/2019;09:36:03;10.05 km/h;Liviano;Loja - Malacatos
04/05/2019;09:37:32;16.91 km/h;Liviano;Loja - Malacatos
04/05/2019;09:37:48;79.07 km/h;Liviano;Malacatos - Loja
04/05/2019;09:37:51;71.12 km/h;Liviano;Malacatos - Loja
04/05/2019;09:37:54;60.71 km/h;Liviano;Malacatos - Loja
04/05/2019;09:39:19;21.49 km/h;Liviano;Loja - Malacatos
04/05/2019;09:39:33;58.04 km/h;Liviano;Malacatos - Loja
04/05/2019;09:39:34;23.85 km/h;Liviano;Loja - Malacatos
04/05/2019;09:41:09;19.66 km/h;Liviano;Malacatos - Loja
04/05/2019;09:41:15;56.34 km/h;Liviano;Malacatos - Loja
04/05/2019;09:42:02;21.22 km/h;Liviano;Loja - Malacatos
04/05/2019;09:42:25;21.56 km/h;Liviano;Malacatos - Loja
04/05/2019;09:42:34;56.34 km/h;Liviano;Malacatos - Loja
04/05/2019;09:43:39;24.73 km/h;Liviano;Loja - Malacatos
04/05/2019;09:44:17;72.57 km/h;Liviano;Malacatos - Loja
04/05/2019;09:45:25;67.79 km/h;Liviano;Malacatos - Loja
04/05/2019;09:45:29;21.64 km/h;Liviano;Loja - Malacatos
04/05/2019;09:45:30;72.82 km/h;Liviano;Malacatos - Loja
04/05/2019;09:46:33;20.51 km/h;Liviano;Malacatos - Loja
04/05/2019;09:46:43;20.49 km/h;Pesado;Loja - Malacatos
04/05/2019;09:47:50;16.34 km/h;Liviano;Loja - Malacatos
04/05/2019;09:47:53;15.91 km/h;Liviano;Loja - Malacatos
04/05/2019;09:48:11;20.40 km/h;Liviano;Malacatos - Loja
04/05/2019;09:48:12;22.73 km/h;Liviano;Loja - Malacatos
04/05/2019;09:48:20;18.05 km/h;Liviano;Malacatos - Loja
04/05/2019;09:48:21;18.13 km/h;Liviano;Malacatos - Loja
04/05/2019;09:48:27;20.96 km/h;Liviano;Loja - Malacatos
04/05/2019;09:48:45;21.56 km/h;Liviano;Loja - Malacatos
04/05/2019;09:49:07;15.03 km/h;Liviano;Loja - Malacatos
04/05/2019;09:49:10;43.05 km/h;Liviano;Malacatos - Loja
04/05/2019;09:49:49;66.80 km/h;Liviano;Malacatos - Loja
04/05/2019;09:49:52;69.90 km/h;Liviano;Malacatos - Loja
04/05/2019;09:49:54;77.02 km/h;Liviano;Malacatos - Loja
04/05/2019;09:50:05;25.69 km/h;Liviano;Loja - Malacatos
04/05/2019;09:50:09;43.08 km/h;Liviano;Malacatos - Loja
04/05/2019;09:50:40;16.30 km/h;Liviano;Malacatos - Loja
04/05/2019;09:50:42;13.97 km/h;Liviano;Malacatos - Loja
04/05/2019;09:50:43;25.57 km/h;Liviano;Loja - Malacatos
04/05/2019;09:52:06;15.91 km/h;Liviano;Loja - Malacatos
04/05/2019;09:52:17;19.30 km/h;Liviano;Loja - Malacatos
04/05/2019;09:53:23;18.17 km/h;Liviano;Malacatos - Loja
04/05/2019;09:53:24;12.27 km/h;Liviano;Malacatos - Loja
04/05/2019;09:53:38;20.74 km/h;Liviano;Loja - Malacatos
04/05/2019;09:53:42;21.51 km/h;Liviano;Loja - Malacatos
04/05/2019;09:53:47;41.75 km/h;Mediano;Malacatos - Loja
04/05/2019;09:53:49;62.42 km/h;Liviano;Malacatos - Loja
04/05/2019;09:54:01;20.50 km/h;Liviano;Loja - Malacatos
04/05/2019;09:54:28;20.46 km/h;Liviano;Loja - Malacatos
04/05/2019;09:54:30;27.14 km/h;Liviano;Loja - Malacatos
04/05/2019;09:56:21;20.50 km/h;Liviano;Malacatos - Loja
04/05/2019;09:56:23;21.27 km/h;Liviano;Malacatos - Loja
04/05/2019;09:58:17;9.85 km/h;Liviano;Malacatos - Loja
04/05/2019;09:58:50;18.52 km/h;Liviano;Loja - Malacatos
04/05/2019;09:59:05;21.63 km/h;Liviano;Loja - Malacatos
04/05/2019;09:59:06;13.46 km/h;Liviano;Loja - Malacatos
04/05/2019;09:59:25;15.32 km/h;Liviano;Malacatos - Loja
04/05/2019;10:00:02;13.26 km/h;Liviano;Loja - Malacatos
04/05/2019;10:07:33;22.30 km/h;Liviano;Loja - Malacatos
04/05/2019;10:09:40;16.99 km/h;Liviano;Malacatos - Loja
04/05/2019;10:11:24;19.87 km/h;Liviano;Loja - Malacatos
04/05/2019;10:12:17;20.61 km/h;Liviano;Loja - Malacatos
04/05/2019;10:12:33;14.12 km/h;Liviano;Malacatos - Loja
04/05/2019;10:13:04;20.19 km/h;Mediano;Loja - Malacatos
04/05/2019;10:13:47;20.30 km/h;Liviano;Loja - Malacatos
04/05/2019;10:14:43;13.82 km/h;Liviano;Malacatos - Loja
04/05/2019;10:15:02;11.31 km/h;Liviano;Loja - Malacatos
04/05/2019;10:15:30;10.96 km/h;Liviano;Malacatos - Loja
04/05/2019;10:17:41;18.17 km/h;Liviano;Loja - Malacatos
04/05/2019;10:18:03;9.21 km/h;Liviano;Loja - Malacatos
04/05/2019;10:18:04;18.38 km/h;Mediano;Loja - Malacatos
04/05/2019;10:18:05;20.62 km/h;Liviano;Loja - Malacatos
04/05/2019;10:18:36;18.17 km/h;Liviano;Malacatos - Loja
04/05/2019;10:18:37;17.97 km/h;Liviano;Malacatos - Loja
04/05/2019;10:18:39;21.36 km/h;Mediano;Loja - Malacatos
04/05/2019;10:19:16;25.25 km/h;Liviano;Loja - Malacatos
04/05/2019;10:19:17;8.01 km/h;Liviano;Loja - Malacatos
04/05/2019;10:19:19;20.99 km/h;Liviano;Malacatos - Loja
04/05/2019;10:19:53;12.17 km/h;Mediano;Loja - Malacatos
04/05/2019;10:21:48;13.85 km/h;Mediano;Loja - Malacatos
04/05/2019;10:22:28;11.18 km/h;Liviano;Malacatos - Loja
04/05/2019;10:22:42;21.35 km/h;Liviano;Malacatos - Loja
04/05/2019;10:22:44;22.56 km/h;Liviano;Malacatos - Loja
04/05/2019;10:22:46;18.22 km/h;Liviano;Malacatos - Loja
04/05/2019;10:24:08;15.23 km/h;Liviano;Malacatos - Loja
04/05/2019;10:24:10;13.91 km/h;Liviano;Malacatos - Loja
04/05/2019;10:24:11;17.43 km/h;Liviano;Malacatos - Loja
04/05/2019;10:24:12;10.37 km/h;Liviano;Malacatos - Loja
04/05/2019;10:24:14;23.46 km/h;Liviano;Loja - Malacatos
04/05/2019;10:24:15;20.63 km/h;Liviano;Malacatos - Loja
04/05/2019;10:25:15;18.96 km/h;Liviano;Malacatos - Loja
04/05/2019;10:25:16;17.18 km/h;Liviano;Loja - Malacatos
04/05/2019;10:26:26;21.04 km/h;Liviano;Malacatos - Loja
04/05/2019;10:28:44;15.50 km/h;Liviano;Loja - Malacatos
04/05/2019;10:31:19;22.60 km/h;Liviano;Loja - Malacatos
04/05/2019;10:32:18;22.09 km/h;Liviano;Malacatos - Loja
04/05/2019;10:32:57;22.91 km/h;Liviano;Loja - Malacatos
04/05/2019;10:33:58;20.10 km/h;Liviano;Loja - Malacatos
04/05/2019;10:34:17;11.25 km/h;Liviano;Loja - Malacatos
04/05/2019;10:34:26;22.09 km/h;Liviano;Loja - Malacatos
04/05/2019;10:36:23;11.89 km/h;Liviano;Loja - Malacatos
04/05/2019;10:39:40;20.84 km/h;Liviano;Loja - Malacatos
04/05/2019;10:40:22;16.03 km/h;Mediano;Loja - Malacatos
04/05/2019;10:40:28;20.17 km/h;Liviano;Loja - Malacatos
04/05/2019;10:40:46;20.48 km/h;Liviano;Loja - Malacatos
04/05/2019;10:41:21;21.12 km/h;Liviano;Loja - Malacatos
04/05/2019;10:41:50;17.93 km/h;Liviano;Loja - Malacatos
04/05/2019;10:41:54;20.35 km/h;Liviano;Loja - Malacatos
04/05/2019;10:43:22;24.68 km/h;Liviano;Loja - Malacatos
04/05/2019;10:45:22;17.65 km/h;Liviano;Loja - Malacatos
04/05/2019;10:46:03;21.64 km/h;Liviano;Loja - Malacatos
04/05/2019;10:46:57;20.82 km/h;Liviano;Loja - Malacatos
04/05/2019;10:46:59;17.69 km/h;Mediano;Loja - Malacatos
04/05/2019;10:48:50;20.40 km/h;Liviano;Loja - Malacatos
04/05/2019;10:51:19;21.17 km/h;Liviano;Loja - Malacatos
04/05/2019;10:52:55;25.61 km/h;Liviano;Loja - Malacatos
04/05/2019;10:53:28;13.73 km/h;Liviano;Loja - Malacatos
04/05/2019;10:53:43;20.50 km/h;Liviano;Loja - Malacatos
04/05/2019;10:54:13;20.55 km/h;Liviano;Loja - Malacatos
04/05/2019;10:55:57;15.99 km/h;Liviano;Malacatos - Loja
04/05/2019;10:57:17;21.73 km/h;Liviano;Malacatos - Loja
04/05/2019;10:57:23;22.56 km/h;Liviano;Malacatos - Loja
04/05/2019;10:57:45;13.16 km/h;Liviano;Loja - Malacatos
04/05/2019;10:58:26;26.34 km/h;Liviano;Loja - Malacatos
04/05/2019;10:59:22;19.31 km/h;Liviano;Loja - Malacatos
04/05/2019;11:00:39;21.40 km/h;Liviano;Malacatos - Loja
04/05/2019;11:01:22;22.77 km/h;Liviano;Loja - Malacatos
04/05/2019;11:02:21;21.06 km/h;Liviano;Loja - Malacatos
04/05/2019;11:05:42;20.79 km/h;Liviano;Malacatos - Loja
04/05/2019;11:05:46;15.68 km/h;Liviano;Loja - Malacatos
04/05/2019;11:06:32;12.58 km/h;Liviano;Loja - Malacatos
04/05/2019;11:10:27;15.95 km/h;Liviano;Loja - Malacatos
04/05/2019;11:12:40;15.92 km/h;Liviano;Loja - Malacatos
04/05/2019;11:13:33;16.05 km/h;Liviano;Loja - Malacatos
04/05/2019;11:15:11;16.74 km/h;Liviano;Loja - Malacatos
04/05/2019;11:15:31;10.36 km/h;Liviano;Loja - Malacatos
04/05/2019;11:17:09;21.31 km/h;Liviano;Loja - Malacatos
04/05/2019;11:19:33;22.95 km/h;Liviano;Loja - Malacatos
04/05/2019;11:19:33;11.54 km/h;Liviano;Malacatos - Loja
04/05/2019;11:22:48;19.26 km/h;Liviano;Loja - Malacatos
04/05/2019;11:23:01;10.46 km/h;Mediano;Malacatos - Loja
04/05/2019;11:23:49;19.57 km/h;Liviano;Loja - Malacatos
04/05/2019;11:27:30;10.66 km/h;Liviano;Malacatos - Loja
04/05/2019;11:29:05;26.75 km/h;Liviano;Malacatos - Loja
04/05/2019;11:30:17;20.87 km/h;Liviano;Loja - Malacatos
04/05/2019;11:31:05;20.86 km/h;Liviano;Loja - Malacatos
04/05/2019;11:31:38;10.08 km/h;Liviano;Loja - Malacatos
04/05/2019;11:32:32;16.19 km/h;Liviano;Loja - Malacatos
04/05/2019;11:34:22;16.22 km/h;Liviano;Malacatos - Loja
04/05/2019;11:34:32;14.72 km/h;Liviano;Loja - Malacatos
04/05/2019;11:35:13;19.10 km/h;Liviano;Malacatos - Loja
04/05/2019;11:35:17;19.59 km/h;Liviano;Malacatos - Loja
04/05/2019;11:37:17;15.65 km/h;Liviano;Loja - Malacatos
04/05/2019;11:37:52;20.30 km/h;Liviano;Loja - Malacatos
04/05/2019;11:38:45;14.79 km/h;Liviano;Malacatos - Loja
04/05/2019;11:39:41;10.83 km/h;Pesado;Loja - Malacatos
04/05/2019;11:40:20;11.56 km/h;Liviano;Malacatos - Loja
04/05/2019;11:40:23;18.43 km/h;Liviano;Malacatos - Loja
04/05/2019;11:41:07;18.43 km/h;Liviano;Malacatos - Loja
04/05/2019;11:42:00;22.40 km/h;Liviano;Loja - Malacatos
04/05/2019;11:42:46;19.65 km/h;Liviano;Loja - Malacatos
04/05/2019;11:45:37;19.47 km/h;Liviano;Malacatos - Loja
04/05/2019;11:47:39;16.76 km/h;Liviano;Loja - Malacatos
04/05/2019;11:49:44;20.49 km/h;Liviano;Loja - Malacatos
04/05/2019;11:51:05;23.48 km/h;Liviano;Malacatos - Loja
04/05/2019;11:51:15;20.20 km/h;Liviano;Loja - Malacatos
04/05/2019;11:53:46;17.51 km/h;Liviano;Loja - Malacatos
04/05/2019;11:54:37;13.73 km/h;Liviano;Malacatos - Loja
04/05/2019;11:54:56;15.88 km/h;Pesado;Loja - Malacatos
04/05/2019;11:56:35;20.50 km/h;Liviano;Loja - Malacatos
04/05/2019;11:58:39;14.96 km/h;Liviano;Loja - Malacatos
04/05/2019;11:58:52;21.23 km/h;Liviano;Loja - Malacatos
04/05/2019;11:58:52;8.77 km/h;Liviano;Malacatos - Loja
04/05/2019;11:59:16;14.97 km/h;Liviano;Loja - Malacatos
04/05/2019;12:01:44;22.66 km/h;Mediano;Loja - Malacatos
04/05/2019;12:03:57;20.10 km/h;Liviano;Malacatos - Loja
04/05/2019;12:04:04;11.59 km/h;Liviano;Malacatos - Loja
04/05/2019;12:04:24;17.40 km/h;Liviano;Loja - Malacatos
04/05/2019;12:04:45;24.63 km/h;Liviano;Loja - Malacatos
04/05/2019;12:06:10;16.41 km/h;Liviano;Malacatos - Loja
04/05/2019;12:06:39;21.56 km/h;Liviano;Loja - Malacatos
04/05/2019;12:08:36;20.73 km/h;Liviano;Loja - Malacatos
04/05/2019;12:15:33;10.05 km/h;Liviano;Malacatos - Loja
04/05/2019;12:16:35;20.10 km/h;Liviano;Loja - Malacatos
04/05/2019;12:16:36;14.64 km/h;Liviano;Loja - Malacatos
04/05/2019;12:16:37;23.06 km/h;Mediano;Loja - Malacatos
04/05/2019;12:19:12;20.40 km/h;Liviano;Loja - Malacatos
04/05/2019;12:21:37;10.30 km/h;Liviano;Malacatos - Loja
04/05/2019;12:21:37;12.85 km/h;Liviano;Loja - Malacatos
04/05/2019;12:21:38;18.80 km/h;Liviano;Loja - Malacatos
04/05/2019;12:22:56;16.57 km/h;Liviano;Malacatos - Loja
04/05/2019;12:24:05;15.15 km/h;Liviano;Malacatos - Loja
04/05/2019;12:24:33;18.37 km/h;Liviano;Loja - Malacatos
04/05/2019;12:25:32;21.81 km/h;Liviano;Loja - Malacatos
04/05/2019;12:25:56;18.44 km/h;Liviano;Loja - Malacatos
04/05/2019;12:29:06;13.68 km/h;Liviano;Loja - Malacatos
04/05/2019;12:30:24;15.23 km/h;Liviano;Loja - Malacatos
04/05/2019;12:30:25;14.28 km/h;Pesado;Loja - Malacatos
04/05/2019;12:33:04;20.49 km/h;Liviano;Loja - Malacatos
04/05/2019;12:35:39;20.50 km/h;Liviano;Loja - Malacatos
04/05/2019;12:37:29;10.29 km/h;Liviano;Malacatos - Loja
04/05/2019;12:38:09;18.05 km/h;Liviano;Malacatos - Loja
04/05/2019;12:38:22;22.53 km/h;Liviano;Malacatos - Loja
04/05/2019;12:39:04;9.72 km/h;Liviano;Loja - Malacatos
04/05/2019;12:39:14;16.17 km/h;Mediano;Malacatos - Loja
04/05/2019;12:39:26;9.09 km/h;Liviano;Loja - Malacatos
04/05/2019;12:41:54;22.37 km/h;Mediano;Loja - Malacatos
04/05/2019;12:43:41;16.03 km/h;Liviano;Malacatos - Loja
04/05/2019;12:46:10;20.86 km/h;Mediano;Loja - Malacatos
04/05/2019;12:46:27;15.84 km/h;Liviano;Loja - Malacatos
04/05/2019;12:52:37;15.38 km/h;Liviano;Malacatos - Loja
04/05/2019;12:54:13;21.31 km/h;Liviano;Loja - Malacatos
04/05/2019;12:57:46;18.83 km/h;Liviano;Loja - Malacatos
04/05/2019;12:58:02;25.68 km/h;Liviano;Loja - Malacatos
04/05/2019;12:59:02;15.85 km/h;Liviano;Loja - Malacatos
04/05/2019;12:59:24;14.12 km/h;Liviano;Loja - Malacatos
04/05/2019;13:01:13;16.48 km/h;Liviano;Loja - Malacatos
04/05/2019;13:02:30;14.36 km/h;Liviano;Loja - Malacatos
04/05/2019;13:02:47;18.83 km/h;Liviano;Loja - Malacatos
04/05/2019;13:04:11;21.48 km/h;Liviano;Loja - Malacatos
04/05/2019;13:09:09;18.17 km/h;Liviano;Malacatos - Loja
04/05/2019;13:09:12;20.79 km/h;Liviano;Malacatos - Loja
04/05/2019;13:09:14;16.92 km/h;Liviano;Malacatos - Loja
04/05/2019;13:09:29;19.34 km/h;Liviano;Malacatos - Loja
04/05/2019;13:09:41;21.07 km/h;Liviano;Loja - Malacatos
04/05/2019;13:12:46;18.17 km/h;Liviano;Loja - Malacatos
04/05/2019;13:13:20;18.31 km/h;Liviano;Loja - Malacatos
04/05/2019;13:13:57;18.02 km/h;Mediano;Loja - Malacatos
04/05/2019;13:15:04;8.43 km/h;Liviano;Malacatos - Loja
04/05/2019;13:15:15;16.23 km/h;Liviano;Malacatos - Loja
04/05/2019;13:15:40;27.35 km/h;Liviano;Loja - Malacatos
04/05/2019;13:15:41;8.64 km/h;Liviano;Loja - Malacatos
04/05/2019;13:15:48;18.48 km/h;Liviano;Loja - Malacatos
04/05/2019;13:15:49;9.91 km/h;Liviano;Malacatos - Loja
04/05/2019;13:19:37;8.94 km/h;Pesado;Malacatos - Loja
04/05/2019;13:19:57;15.92 km/h;Liviano;Loja - Malacatos
04/05/2019;13:20:04;16.80 km/h;Liviano;Loja - Malacatos
04/05/2019;13:22:45;17.61 km/h;Mediano;Loja - Malacatos
04/05/2019;13:22:52;21.64 km/h;Liviano;Loja - Malacatos
04/05/2019;13:23:48;16.11 km/h;Liviano;Malacatos - Loja
04/05/2019;13:23:55;15.15 km/h;Liviano;Malacatos - Loja
04/05/2019;13:25:10;20.31 km/h;Liviano;Loja - Malacatos
04/05/2019;13:25:30;15.89 km/h;Liviano;Loja - Malacatos
04/05/2019;13:26:38;21.64 km/h;Liviano;Loja - Malacatos
04/05/2019;13:27:20;20.43 km/h;Liviano;Loja - Malacatos
04/05/2019;13:28:37;18.17 km/h;Liviano;Malacatos - Loja
04/05/2019;13:29:37;16.26 km/h;Liviano;Loja - Malacatos
04/05/2019;13:30:03;20.40 km/h;Liviano;Malacatos - Loja
04/05/2019;13:31:40;12.41 km/h;Liviano;Loja - Malacatos
04/05/2019;13:31:52;15.92 km/h;Liviano;Loja - Malacatos
04/05/2019;13:35:57;13.92 km/h;Liviano;Malacatos - Loja
04/05/2019;13:38:22;16.60 km/h;Mediano;Loja - Malacatos
04/05/2019;13:39:33;22.79 km/h;Liviano;Loja - Malacatos
04/05/2019;13:41:18;17.80 km/h;Liviano;Loja - Malacatos
04/05/2019;13:41:46;21.31 km/h;Liviano;Malacatos - Loja
04/05/2019;13:43:29;16.78 km/h;Liviano;Loja - Malacatos
04/05/2019;13:43:45;16.81 km/h;Liviano;Loja - Malacatos
04/05/2019;13:44:42;10.15 km/h;Liviano;Malacatos - Loja
04/05/2019;13:44:44;12.04 km/h;Liviano;Malacatos - Loja
04/05/2019;13:45:04;18.30 km/h;Liviano;Loja - Malacatos
04/05/2019;13:45:21;9.31 km/h;Liviano;Loja - Malacatos
04/05/2019;13:46:48;23.91 km/h;Pesado;Loja - Malacatos
04/05/2019;13:46:50;16.26 km/h;Liviano;Loja - Malacatos
04/05/2019;13:47:21;10.20 km/h;Liviano;Malacatos - Loja
04/05/2019;13:48:02;14.64 km/h;Liviano;Loja - Malacatos
04/05/2019;13:48:04;13.48 km/h;Liviano;Malacatos - Loja
04/05/2019;13:48:29;23.50 km/h;Liviano;Loja - Malacatos
04/05/2019;13:48:52;8.52 km/h;Liviano;Loja - Malacatos
04/05/2019;13:49:22;22.38 km/h;Liviano;Loja - Malacatos
04/05/2019;13:49:23;10.46 km/h;Liviano;Loja - Malacatos
04/05/2019;13:51:28;15.30 km/h;Liviano;Loja - Malacatos
04/05/2019;13:51:44;20.85 km/h;Liviano;Loja - Malacatos
04/05/2019;13:53:41;14.56 km/h;Liviano;Loja - Malacatos
04/05/2019;13:55:24;15.75 km/h;Liviano;Loja - Malacatos
04/05/2019;13:55:55;18.61 km/h;Liviano;Loja - Malacatos
04/05/2019;13:57:16;18.05 km/h;Liviano;Malacatos - Loja
04/05/2019;13:57:20;13.54 km/h;Liviano;Malacatos - Loja
04/05/2019;13:59:02;15.50 km/h;Liviano;Loja - Malacatos
04/05/2019;14:00:39;11.08 km/h;Liviano;Loja - Malacatos
04/05/2019;14:00:53;11.20 km/h;Liviano;Malacatos - Loja
04/05/2019;14:02:32;14.80 km/h;Liviano;Loja - Malacatos
04/05/2019;14:03:32;15.38 km/h;Liviano;Malacatos - Loja
04/05/2019;14:03:53;20.31 km/h;Liviano;Malacatos - Loja
04/05/2019;14:06:17;10.14 km/h;Liviano;Loja - Malacatos
04/05/2019;14:06:34;17.83 km/h;Liviano;Loja - Malacatos
04/05/2019;14:07:39;20.80 km/h;Liviano;Loja - Malacatos
04/05/2019;14:07:40;22.85 km/h;Liviano;Loja - Malacatos
04/05/2019;14:08:32;18.51 km/h;Liviano;Loja - Malacatos
04/05/2019;14:10:18;21.48 km/h;Liviano;Loja - Malacatos
04/05/2019;14:10:48;16.36 km/h;Liviano;Malacatos - Loja
04/05/2019;14:10:49;23.30 km/h;Liviano;Malacatos - Loja
04/05/2019;14:13:01;23.20 km/h;Liviano;Loja - Malacatos
04/05/2019;14:13:11;20.49 km/h;Liviano;Loja - Malacatos
04/05/2019;14:14:13;19.66 km/h;Liviano;Loja - Malacatos
04/05/2019;14:14:44;10.58 km/h;Liviano;Loja - Malacatos
04/05/2019;14:14:47;17.52 km/h;Liviano;Loja - Malacatos
04/05/2019;14:15:10;19.66 km/h;Liviano;Malacatos - Loja
04/05/2019;14:15:10;13.83 km/h;Liviano;Loja - Malacatos
04/05/2019;14:18:55;10.27 km/h;Liviano;Loja - Malacatos
04/05/2019;14:19:30;18.56 km/h;Liviano;Malacatos - Loja
04/05/2019;14:20:15;16.35 km/h;Liviano;Loja - Malacatos
04/05/2019;14:20:17;21.32 km/h;Mediano;Loja - Malacatos
04/05/2019;14:20:33;10.54 km/h;Liviano;Loja - Malacatos
04/05/2019;14:21:14;13.64 km/h;Liviano;Loja - Malacatos
04/05/2019;14:23:49;20.67 km/h;Liviano;Loja - Malacatos
04/05/2019;14:28:13;20.49 km/h;Liviano;Loja - Malacatos
04/05/2019;14:29:17;15.24 km/h;Liviano;Malacatos - Loja
04/05/2019;14:30:02;21.11 km/h;Liviano;Loja - Malacatos
04/05/2019;14:30:07;16.77 km/h;Liviano;Malacatos - Loja
04/05/2019;14:30:09;11.78 km/h;Liviano;Malacatos - Loja
04/05/2019;14:30:11;23.40 km/h;Liviano;Malacatos - Loja
04/05/2019;14:34:15;16.46 km/h;Mediano;Loja - Malacatos
04/05/2019;14:36:01;25.83 km/h;Liviano;Loja - Malacatos
04/05/2019;14:39:20;15.41 km/h;Liviano;Malacatos - Loja
04/05/2019;14:39:35;20.61 km/h;Liviano;Loja - Malacatos
04/05/2019;14:40:59;9.66 km/h;Liviano;Loja - Malacatos
04/05/2019;14:42:51;16.60 km/h;Liviano;Loja - Malacatos
04/05/2019;14:44:11;20.37 km/h;Liviano;Loja - Malacatos
04/05/2019;14:44:55;15.99 km/h;Liviano;Malacatos - Loja
04/05/2019;14:45:23;21.07 km/h;Liviano;Loja - Malacatos
04/05/2019;14:46:24;15.79 km/h;Liviano;Loja - Malacatos
04/05/2019;14:48:12;14.92 km/h;Liviano;Loja - Malacatos
04/05/2019;14:48:40;20.17 km/h;Liviano;Loja - Malacatos
04/05/2019;14:48:40;10.51 km/h;Liviano;Malacatos - Loja
04/05/2019;14:48:41;16.05 km/h;Mediano;Loja - Malacatos
04/05/2019;14:49:22;21.40 km/h;Liviano;Loja - Malacatos
04/05/2019;14:49:33;20.31 km/h;Liviano;Loja - Malacatos
04/05/2019;14:49:48;21.27 km/h;Liviano;Loja - Malacatos
04/05/2019;14:51:06;22.09 km/h;Liviano;Loja - Malacatos
04/05/2019;14:52:55;21.81 km/h;Liviano;Loja - Malacatos
04/05/2019;14:53:35;21.48 km/h;Liviano;Loja - Malacatos
04/05/2019;14:53:55;18.80 km/h;Liviano;Loja - Malacatos
04/05/2019;14:53:59;21.64 km/h;Liviano;Loja - Malacatos
04/05/2019;14:54:24;18.17 km/h;Liviano;Loja - Malacatos
04/05/2019;14:56:15;25.99 km/h;Liviano;Loja - Malacatos
04/05/2019;14:56:34;20.25 km/h;Liviano;Loja - Malacatos
04/05/2019;14:58:44;22.56 km/h;Liviano;Loja - Malacatos
04/05/2019;14:59:14;17.85 km/h;Liviano;Loja - Malacatos
04/05/2019;15:00:14;14.54 km/h;Liviano;Loja - Malacatos
04/05/2019;15:01:04;18.49 km/h;Liviano;Loja - Malacatos
04/05/2019;15:01:37;14.56 km/h;Liviano;Malacatos - Loja
04/05/2019;15:01:58;8.62 km/h;Mediano;Loja - Malacatos
04/05/2019;15:02:19;21.48 km/h;Liviano;Loja - Malacatos
04/05/2019;15:02:52;20.61 km/h;Liviano;Loja - Malacatos
04/05/2019;15:05:21;10.53 km/h;Liviano;Malacatos - Loja
04/05/2019;15:05:46;15.99 km/h;Liviano;Loja - Malacatos
04/05/2019;15:05:58;14.46 km/h;Mediano;Malacatos - Loja
04/05/2019;15:06:05;10.27 km/h;Liviano;Loja - Malacatos
04/05/2019;15:06:33;10.82 km/h;Liviano;Loja - Malacatos
04/05/2019;15:08:03;15.88 km/h;Liviano;Loja - Malacatos
04/05/2019;15:08:14;12.30 km/h;Liviano;Loja - Malacatos
04/05/2019;15:11:05;16.43 km/h;Mediano;Loja - Malacatos
04/05/2019;15:11:46;19.59 km/h;Liviano;Malacatos - Loja
04/05/2019;15:11:54;25.63 km/h;Liviano;Loja - Malacatos
04/05/2019;15:13:40;21.80 km/h;Liviano;Loja - Malacatos
04/05/2019;15:14:05;16.09 km/h;Liviano;Malacatos - Loja
04/05/2019;15:16:59;20.35 km/h;Liviano;Loja - Malacatos
04/05/2019;15:18:47;9.35 km/h;Liviano;Loja - Malacatos
04/05/2019;15:18:51;20.79 km/h;Liviano;Loja - Malacatos
04/05/2019;15:19:20;18.17 km/h;Liviano;Loja - Malacatos
04/05/2019;15:19:51;9.90 km/h;Liviano;Malacatos - Loja
04/05/2019;15:20:08;20.30 km/h;Liviano;Malacatos - Loja
04/05/2019;15:20:43;15.28 km/h;Liviano;Loja - Malacatos
04/05/2019;15:21:16;14.67 km/h;Pesado;Loja - Malacatos
04/05/2019;15:22:16;15.95 km/h;Liviano;Loja - Malacatos
04/05/2019;15:23:17;15.99 km/h;Liviano;Loja - Malacatos
04/05/2019;15:25:16;10.45 km/h;Mediano;Malacatos - Loja
04/05/2019;15:25:50;20.71 km/h;Liviano;Malacatos - Loja
04/05/2019;15:26:09;18.64 km/h;Liviano;Loja - Malacatos
04/05/2019;15:28:07;13.73 km/h;Liviano;Malacatos - Loja
04/05/2019;15:29:14;18.30 km/h;Liviano;Loja - Malacatos
04/05/2019;15:29:18;17.27 km/h;Liviano;Loja - Malacatos
04/05/2019;15:30:12;18.43 km/h;Liviano;Loja - Malacatos
04/05/2019;15:32:02;23.56 km/h;Liviano;Loja - Malacatos
04/05/2019;15:34:58;21.33 km/h;Liviano;Loja - Malacatos
04/05/2019;15:35:30;15.10 km/h;Liviano;Loja - Malacatos
04/05/2019;15:37:38;20.25 km/h;Liviano;Loja - Malacatos
04/05/2019;15:37:43;25.38 km/h;Liviano;Loja - Malacatos
04/05/2019;15:37:48;22.21 km/h;Liviano;Malacatos - Loja
04/05/2019;15:37:58;21.06 km/h;Liviano;Loja - Malacatos
04/05/2019;15:38:16;23.74 km/h;Liviano;Loja - Malacatos
04/05/2019;15:38:26;22.37 km/h;Liviano;Malacatos - Loja
04/05/2019;15:40:37;21.56 km/h;Liviano;Malacatos - Loja
04/05/2019;15:41:48;22.55 km/h;Liviano;Loja - Malacatos
04/05/2019;15:41:51;12.11 km/h;Liviano;Loja - Malacatos
04/05/2019;15:42:39;18.23 km/h;Liviano;Loja - Malacatos
04/05/2019;15:44:38;15.55 km/h;Liviano;Loja - Malacatos
04/05/2019;15:44:42;15.45 km/h;Liviano;Loja - Malacatos
04/05/2019;15:45:14;21.27 km/h;Liviano;Loja - Malacatos
04/05/2019;15:47:01;17.73 km/h;Liviano;Loja - Malacatos
04/05/2019;15:47:17;16.05 km/h;Liviano;Malacatos - Loja
04/05/2019;15:47:44;23.36 km/h;Liviano;Loja - Malacatos
04/05/2019;15:47:45;8.47 km/h;Liviano;Loja - Malacatos
04/05/2019;15:48:50;20.61 km/h;Liviano;Loja - Malacatos
04/05/2019;15:49:05;18.43 km/h;Liviano;Malacatos - Loja
04/05/2019;15:49:14;14.02 km/h;Liviano;Loja - Malacatos
04/05/2019;15:49:55;12.75 km/h;Liviano;Malacatos - Loja
04/05/2019;15:50:50;21.64 km/h;Liviano;Loja - Malacatos
04/05/2019;15:51:40;17.30 km/h;Liviano;Loja - Malacatos
04/05/2019;15:51:59;21.31 km/h;Liviano;Loja - Malacatos
04/05/2019;15:53:36;20.40 km/h;Liviano;Malacatos - Loja
04/05/2019;15:55:59;22.10 km/h;Liviano;Loja - Malacatos
04/05/2019;15:56:01;15.38 km/h;Liviano;Loja - Malacatos
04/05/2019;15:57:01;18.43 km/h;Liviano;Malacatos - Loja
04/05/2019;15:59:05;21.22 km/h;Liviano;Loja - Malacatos
04/05/2019;15:59:57;16.03 km/h;Liviano;Loja - Malacatos
04/05/2019;16:00:39;19.87 km/h;Liviano;Loja - Malacatos
04/05/2019;16:00:55;22.16 km/h;Liviano;Loja - Malacatos
04/05/2019;16:01:36;19.42 km/h;Liviano;Malacatos - Loja
04/05/2019;16:01:52;23.53 km/h;Liviano;Loja - Malacatos
04/05/2019;16:02:09;19.73 km/h;Liviano;Malacatos - Loja
04/05/2019;16:02:29;11.59 km/h;Liviano;Loja - Malacatos
04/05/2019;16:03:54;15.99 km/h;Liviano;Loja - Malacatos
04/05/2019;16:04:18;13.63 km/h;Liviano;Malacatos - Loja
04/05/2019;16:04:55;22.53 km/h;Liviano;Loja - Malacatos
04/05/2019;16:05:03;10.78 km/h;Liviano;Loja - Malacatos
04/05/2019;16:05:08;15.80 km/h;Liviano;Loja - Malacatos
04/05/2019;16:05:10;18.69 km/h;Liviano;Loja - Malacatos
04/05/2019;16:05:21;20.40 km/h;Liviano;Loja - Malacatos
04/05/2019;16:08:50;20.74 km/h;Liviano;Loja - Malacatos
04/05/2019;16:12:16;20.30 km/h;Liviano;Malacatos - Loja
04/05/2019;16:14:27;14.85 km/h;Liviano;Loja - Malacatos
04/05/2019;16:18:23;17.47 km/h;Liviano;Loja - Malacatos
04/05/2019;16:18:25;23.28 km/h;Liviano;Loja - Malacatos
04/05/2019;16:18:51;14.42 km/h;Liviano;Loja - Malacatos
04/05/2019;16:20:05;14.26 km/h;Liviano;Loja - Malacatos
04/05/2019;16:20:40;13.54 km/h;Liviano;Loja - Malacatos
04/05/2019;16:21:26;20.61 km/h;Liviano;Malacatos - Loja
04/05/2019;16:21:55;22.18 km/h;Liviano;Loja - Malacatos
04/05/2019;16:21:56;17.62 km/h;Liviano;Loja - Malacatos
04/05/2019;16:22:21;20.55 km/h;Liviano;Malacatos - Loja
04/05/2019;16:22:22;20.98 km/h;Liviano;Malacatos - Loja
04/05/2019;16:23:38;21.48 km/h;Liviano;Malacatos - Loja
04/05/2019;16:24:43;17.23 km/h;Liviano;Malacatos - Loja
04/05/2019;16:24:44;15.38 km/h;Liviano;Malacatos - Loja
04/05/2019;16:25:40;18.56 km/h;Liviano;Malacatos - Loja
04/05/2019;16:26:52;18.72 km/h;Liviano;Loja - Malacatos
04/05/2019;16:27:05;23.79 km/h;Liviano;Loja - Malacatos
04/05/2019;16:28:18;20.20 km/h;Liviano;Malacatos - Loja
04/05/2019;16:28:39;20.30 km/h;Liviano;Loja - Malacatos
04/05/2019;16:30:15;21.38 km/h;Liviano;Loja - Malacatos
04/05/2019;16:31:47;17.54 km/h;Liviano;Loja - Malacatos
04/05/2019;16:32:09;10.46 km/h;Liviano;Malacatos - Loja
04/05/2019;16:34:21;9.96 km/h;Liviano;Loja - Malacatos
04/05/2019;16:34:47;15.95 km/h;Liviano;Malacatos - Loja
04/05/2019;16:34:52;18.84 km/h;Liviano;Loja - Malacatos
04/05/2019;16:36:07;11.65 km/h;Liviano;Malacatos - Loja
04/05/2019;16:36:59;15.68 km/h;Liviano;Malacatos - Loja
04/05/2019;16:37:02;20.30 km/h;Liviano;Loja - Malacatos
04/05/2019;16:37:11;15.69 km/h;Liviano;Loja - Malacatos
04/05/2019;16:37:16;13.26 km/h;Liviano;Malacatos - Loja
04/05/2019;16:37:40;15.50 km/h;Liviano;Malacatos - Loja
04/05/2019;16:38:18;20.40 km/h;Liviano;Loja - Malacatos
04/05/2019;16:39:10;22.82 km/h;Liviano;Loja - Malacatos
04/05/2019;16:39:14;16.73 km/h;Liviano;Loja - Malacatos
04/05/2019;16:39:36;13.12 km/h;Liviano;Loja - Malacatos
04/05/2019;16:40:58;15.23 km/h;Liviano;Loja - Malacatos
04/05/2019;16:41:16;20.50 km/h;Liviano;Malacatos - Loja
04/05/2019;16:42:05;16.05 km/h;Liviano;Malacatos - Loja
04/05/2019;16:45:30;20.37 km/h;Liviano;Malacatos - Loja
04/05/2019;16:46:15;27.58 km/h;Liviano;Loja - Malacatos
04/05/2019;16:47:14;16.06 km/h;Liviano;Loja - Malacatos
04/05/2019;16:47:36;16.47 km/h;Liviano;Loja - Malacatos
04/05/2019;16:47:37;27.49 km/h;Liviano;Loja - Malacatos
04/05/2019;16:47:46;18.83 km/h;Liviano;Loja - Malacatos
04/05/2019;16:49:40;22.22 km/h;Liviano;Loja - Malacatos
04/05/2019;16:49:42;20.68 km/h;Liviano;Loja - Malacatos
04/05/2019;16:51:24;16.11 km/h;Liviano;Malacatos - Loja
04/05/2019;16:52:09;22.29 km/h;Liviano;Loja - Malacatos
04/05/2019;16:56:57;21.12 km/h;Liviano;Loja - Malacatos
04/05/2019;16:57:07;14.85 km/h;Liviano;Malacatos - Loja
04/05/2019;16:58:34;19.46 km/h;Liviano;Loja - Malacatos
04/05/2019;16:59:55;15.41 km/h;Liviano;Malacatos - Loja
04/05/2019;17:00:18;22.09 km/h;Liviano;Loja - Malacatos
04/05/2019;17:00:20;21.45 km/h;Liviano;Loja - Malacatos
04/05/2019;17:03:52;19.87 km/h;Liviano;Malacatos - Loja
04/05/2019;17:03:54;22.78 km/h;Liviano;Malacatos - Loja
04/05/2019;17:04:32;18.56 km/h;Liviano;Malacatos - Loja
04/05/2019;17:05:31;13.35 km/h;Liviano;Loja - Malacatos
04/05/2019;17:06:36;10.70 km/h;Liviano;Malacatos - Loja
04/05/2019;17:06:52;15.99 km/h;Liviano;Malacatos - Loja
04/05/2019;17:07:50;16.49 km/h;Liviano;Loja - Malacatos
04/05/2019;17:07:54;21.12 km/h;Liviano;Loja - Malacatos
04/05/2019;17:09:44;12.24 km/h;Liviano;Loja - Malacatos
04/05/2019;17:10:03;21.06 km/h;Liviano;Loja - Malacatos
04/05/2019;17:10:05;10.58 km/h;Liviano;Malacatos - Loja
04/05/2019;17:10:16;21.31 km/h;Liviano;Malacatos - Loja
04/05/2019;17:12:06;27.16 km/h;Liviano;Loja - Malacatos
04/05/2019;17:12:11;20.72 km/h;Liviano;Loja - Malacatos
04/05/2019;17:12:19;21.96 km/h;Liviano;Loja - Malacatos
04/05/2019;17:12:24;15.84 km/h;Liviano;Loja - Malacatos
04/05/2019;17:13:58;26.42 km/h;Liviano;Loja - Malacatos
04/05/2019;17:14:10;22.37 km/h;Liviano;Loja - Malacatos
04/05/2019;17:14:31;21.17 km/h;Liviano;Malacatos - Loja
04/05/2019;17:14:49;21.64 km/h;Liviano;Malacatos - Loja
04/05/2019;17:16:02;20.72 km/h;Liviano;Loja - Malacatos
04/05/2019;17:16:54;21.15 km/h;Liviano;Loja - Malacatos
04/05/2019;17:17:13;15.30 km/h;Liviano;Malacatos - Loja
04/05/2019;17:18:07;10.98 km/h;Liviano;Loja - Malacatos
04/05/2019;17:18:18;27.49 km/h;Liviano;Malacatos - Loja
04/05/2019;17:20:47;19.34 km/h;Liviano;Malacatos - Loja
04/05/2019;17:21:04;21.27 km/h;Pesado;Loja - Malacatos
04/05/2019;17:23:00;13.74 km/h;Liviano;Loja - Malacatos
04/05/2019;17:23:03;21.17 km/h;Liviano;Malacatos - Loja
04/05/2019;17:23:07;23.30 km/h;Liviano;Loja - Malacatos
04/05/2019;17:23:08;17.18 km/h;Liviano;Loja - Malacatos
04/05/2019;17:23:17;20.49 km/h;Liviano;Loja - Malacatos
04/05/2019;17:24:14;20.10 km/h;Liviano;Malacatos - Loja
04/05/2019;17:24:47;21.31 km/h;Liviano;Loja - Malacatos
04/05/2019;17:24:59;12.17 km/h;Liviano;Loja - Malacatos
04/05/2019;17:25:17;12.99 km/h;Liviano;Loja - Malacatos
04/05/2019;17:25:18;21.63 km/h;Liviano;Malacatos - Loja
04/05/2019;17:25:21;18.83 km/h;Liviano;Malacatos - Loja
04/05/2019;17:26:37;22.76 km/h;Liviano;Loja - Malacatos
04/05/2019;17:27:08;10.64 km/h;Liviano;Loja - Malacatos
04/05/2019;17:27:37;19.81 km/h;Liviano;Loja - Malacatos
04/05/2019;17:27:52;15.23 km/h;Liviano;Malacatos - Loja
04/05/2019;17:27:58;23.37 km/h;Liviano;Malacatos - Loja
04/05/2019;17:29:06;15.56 km/h;Liviano;Loja - Malacatos
04/05/2019;17:29:34;18.17 km/h;Liviano;Loja - Malacatos
04/05/2019;17:31:26;9.21 km/h;Liviano;Malacatos - Loja
04/05/2019;17:33:18;15.96 km/h;Liviano;Loja - Malacatos
04/05/2019;17:33:20;28.73 km/h;Liviano;Loja - Malacatos
04/05/2019;17:34:21;18.69 km/h;Liviano;Loja - Malacatos
04/05/2019;17:35:12;26.85 km/h;Liviano;Malacatos - Loja
04/05/2019;17:37:17;18.17 km/h;Liviano;Loja - Malacatos
04/05/2019;17:38:21;22.72 km/h;Liviano;Loja - Malacatos
04/05/2019;17:39:16;23.27 km/h;Liviano;Loja - Malacatos
04/05/2019;17:40:40;21.27 km/h;Liviano;Malacatos - Loja
04/05/2019;17:42:48;20.30 km/h;Liviano;Loja - Malacatos
04/05/2019;17:42:52;20.55 km/h;Liviano;Loja - Malacatos
04/05/2019;17:47:45;20.94 km/h;Liviano;Malacatos - Loja
04/05/2019;17:48:57;25.46 km/h;Liviano;Loja - Malacatos
04/05/2019;17:48:58;22.18 km/h;Liviano;Loja - Malacatos
04/05/2019;17:49:52;16.11 km/h;Liviano;Malacatos - Loja
04/05/2019;17:50:54;19.53 km/h;Liviano;Loja - Malacatos
04/05/2019;17:50:55;13.44 km/h;Liviano;Loja - Malacatos
04/05/2019;17:50:56;10.45 km/h;Liviano;Loja - Malacatos
04/05/2019;17:55:14;20.30 km/h;Liviano;Malacatos - Loja
04/05/2019;17:56:46;22.02 km/h;Liviano;Loja - Malacatos
04/05/2019;17:57:08;10.70 km/h;Liviano;Loja - Malacatos
04/05/2019;17:57:23;21.91 km/h;Pesado;Malacatos - Loja
04/05/2019;17:57:26;23.80 km/h;Liviano;Malacatos - Loja
04/05/2019;17:57:27;18.05 km/h;Liviano;Malacatos - Loja
04/05/2019;17:58:19;18.43 km/h;Liviano;Loja - Malacatos
04/05/2019;17:59:28;15.80 km/h;Liviano;Loja - Malacatos
04/05/2019;18:02:32;22.21 km/h;Liviano;Loja - Malacatos
04/05/2019;18:03:10;13.63 km/h;Liviano;Loja - Malacatos
04/05/2019;18:03:48;13.53 km/h;Liviano;Malacatos - Loja
04/05/2019;18:05:21;14.08 km/h;Liviano;Malacatos - Loja
04/05/2019;18:08:14;20.55 km/h;Liviano;Malacatos - Loja
04/05/2019;18:08:18;21.56 km/h;Liviano;Malacatos - Loja
04/05/2019;18:08:57;12.56 km/h;Liviano;Malacatos - Loja
04/05/2019;18:09:36;8.69 km/h;Liviano;Malacatos - Loja
04/05/2019;18:11:02;18.43 km/h;Liviano;Malacatos - Loja
04/05/2019;18:13:00;22.47 km/h;Liviano;Loja - Malacatos
04/05/2019;18:15:09;15.23 km/h;Liviano;Loja - Malacatos
04/05/2019;18:15:15;13.57 km/h;Mediano;Loja - Malacatos
04/05/2019;18:16:49;20.61 km/h;Liviano;Malacatos - Loja
04/05/2019;18:18:35;27.52 km/h;Liviano;Malacatos - Loja
04/05/2019;18:19:18;20.61 km/h;Liviano;Loja - Malacatos
04/05/2019;18:20:00;13.82 km/h;Liviano;Malacatos - Loja
04/05/2019;18:20:47;13.73 km/h;Liviano;Malacatos - Loja
04/05/2019;18:20:52;19.81 km/h;Liviano;Malacatos - Loja
04/05/2019;18:20:58;9.02 km/h;Liviano;Malacatos - Loja
04/05/2019;18:22:09;16.11 km/h;Liviano;Loja - Malacatos
04/05/2019;18:23:02;25.50 km/h;Liviano;Malacatos - Loja
04/05/2019;18:23:15;20.71 km/h;Liviano;Loja - Malacatos
04/05/2019;18:23:16;9.60 km/h;Liviano;Loja - Malacatos
04/05/2019;18:25:27;20.20 km/h;Liviano;Malacatos - Loja
04/05/2019;18:26:27;18.17 km/h;Liviano;Malacatos - Loja
04/05/2019;18:26:55;20.30 km/h;Liviano;Loja - Malacatos
04/05/2019;18:27:10;22.91 km/h;Liviano;Malacatos - Loja
04/05/2019;18:27:35;16.22 km/h;Liviano;Malacatos - Loja
04/05/2019;18:28:44;10.53 km/h;Liviano;Loja - Malacatos
04/05/2019;18:30:28;13.05 km/h;Liviano;Malacatos - Loja
04/05/2019;18:30:51;19.53 km/h;Liviano;Malacatos - Loja
04/05/2019;18:31:14;26.64 km/h;Liviano;Loja - Malacatos
04/05/2019;18:32:13;20.73 km/h;Liviano;Malacatos - Loja
04/05/2019;18:34:36;9.76 km/h;Liviano;Malacatos - Loja
04/05/2019;18:36:51;24.58 km/h;Liviano;Malacatos - Loja
04/05/2019;18:38:37;17.77 km/h;Liviano;Loja - Malacatos
04/05/2019;18:38:39;17.87 km/h;Liviano;Loja - Malacatos
04/05/2019;18:40:20;14.88 km/h;Liviano;Loja - Malacatos
04/05/2019;18:41:11;16.03 km/h;Mediano;Loja - Malacatos
04/05/2019;18:42:00;20.30 km/h;Liviano;Malacatos - Loja
04/05/2019;18:42:01;18.37 km/h;Liviano;Malacatos - Loja
04/05/2019;18:43:09;16.52 km/h;Liviano;Malacatos - Loja
04/05/2019;18:44:01;13.82 km/h;Liviano;Loja - Malacatos
04/05/2019;18:45:23;21.63 km/h;Liviano;Malacatos - Loja
04/05/2019;18:46:44;21.48 km/h;Liviano;Malacatos - Loja
04/05/2019;18:47:34;14.68 km/h;Liviano;Loja - Malacatos
04/05/2019;18:47:34;9.05 km/h;Liviano;Malacatos - Loja
04/05/2019;18:49:02;12.20 km/h;Liviano;Loja - Malacatos
04/05/2019;18:50:19;21.60 km/h;Liviano;Malacatos - Loja
04/05/2019;18:50:59;16.87 km/h;Liviano;Loja - Malacatos
04/05/2019;18:51:38;21.22 km/h;Liviano;Loja - Malacatos
04/05/2019;18:52:17;13.82 km/h;Liviano;Malacatos - Loja
04/05/2019;18:52:18;9.02 km/h;Liviano;Malacatos - Loja
04/05/2019;18:52:21;12.14 km/h;Liviano;Loja - Malacatos
04/05/2019;18:53:26;18.30 km/h;Liviano;Malacatos - Loja
04/05/2019;18:54:08;10.37 km/h;Liviano;Loja - Malacatos
04/05/2019;18:54:55;28.61 km/h;Liviano;Loja - Malacatos
04/05/2019;18:55:50;15.99 km/h;Liviano;Malacatos - Loja
04/05/2019;18:58:35;21.01 km/h;Liviano;Loja - Malacatos
04/05/2019;18:59:01;16.78 km/h;Liviano;Loja - Malacatos
04/05/2019;18:59:04;13.51 km/h;Liviano;Loja - Malacatos
04/05/2019;18:59:34;9.35 km/h;Liviano;Loja - Malacatos
04/05/2019;18:59:39;11.08 km/h;Liviano;Loja - Malacatos
04/05/2019;18:59:39;9.82 km/h;Liviano;Malacatos - Loja
04/05/2019;19:01:13;10.58 km/h;Liviano;Loja - Malacatos
04/05/2019;19:01:14;11.49 km/h;Liviano;Loja - Malacatos
04/05/2019;19:01:20;9.75 km/h;Liviano;Malacatos - Loja
04/05/2019;19:01:23;14.90 km/h;Liviano;Malacatos - Loja
04/05/2019;19:04:09;14.30 km/h;Liviano;Loja - Malacatos
04/05/2019;19:04:12;16.02 km/h;Liviano;Loja - Malacatos
04/05/2019;19:04:14;16.79 km/h;Liviano;Malacatos - Loja
04/05/2019;19:04:17;11.28 km/h;Liviano;Loja - Malacatos
04/05/2019;19:04:39;20.61 km/h;Liviano;Malacatos - Loja
04/05/2019;19:04:40;23.56 km/h;Liviano;Malacatos - Loja
04/05/2019;19:05:37;14.55 km/h;Liviano;Malacatos - Loja
04/05/2019;19:06:49;8.13 km/h;Liviano;Loja - Malacatos
04/05/2019;19:08:22;16.30 km/h;Liviano;Malacatos - Loja
04/05/2019;19:08:28;11.17 km/h;Liviano;Malacatos - Loja
04/05/2019;19:08:31;22.51 km/h;Liviano;Loja - Malacatos
04/05/2019;19:09:23;21.29 km/h;Liviano;Malacatos - Loja
04/05/2019;19:09:52;16.68 km/h;Liviano;Loja - Malacatos
04/05/2019;19:09:54;8.90 km/h;Liviano;Loja - Malacatos
04/05/2019;19:10:34;20.50 km/h;Liviano;Malacatos - Loja
04/05/2019;19:10:53;13.49 km/h;Mediano;Loja - Malacatos
04/05/2019;19:10:54;8.92 km/h;Liviano;Loja - Malacatos
04/05/2019;19:10:55;16.36 km/h;Liviano;Malacatos - Loja
04/05/2019;19:12:36;8.34 km/h;Liviano;Loja - Malacatos
04/05/2019;19:12:39;26.24 km/h;Liviano;Loja - Malacatos
04/05/2019;19:12:41;10.38 km/h;Liviano;Malacatos - Loja
04/05/2019;19:12:41;10.31 km/h;Liviano;Loja - Malacatos
04/05/2019;19:13:17;21.22 km/h;Liviano;Malacatos - Loja
04/05/2019;19:14:57;15.88 km/h;Liviano;Loja - Malacatos
04/05/2019;19:14:58;13.81 km/h;Liviano;Loja - Malacatos
04/05/2019;19:15:00;13.98 km/h;Liviano;Loja - Malacatos
04/05/2019;19:15:01;18.03 km/h;Liviano;Loja - Malacatos
04/05/2019;19:15:02;27.70 km/h;Liviano;Loja - Malacatos
04/05/2019;19:15:10;19.92 km/h;Liviano;Malacatos - Loja
04/05/2019;19:15:11;11.16 km/h;Liviano;Malacatos - Loja
04/05/2019;19:15:13;22.02 km/h;Liviano;Malacatos - Loja
04/05/2019;19:15:14;11.11 km/h;Liviano;Loja - Malacatos
04/05/2019;19:15:30;8.22 km/h;Liviano;Malacatos - Loja
04/05/2019;19:15:31;10.73 km/h;Liviano;Malacatos - Loja
04/05/2019;19:15:38;15.38 km/h;Liviano;Malacatos - Loja
04/05/2019;19:15:48;10.90 km/h;Liviano;Malacatos - Loja
04/05/2019;19:15:50;9.48 km/h;Liviano;Loja - Malacatos
04/05/2019;19:16:06;15.45 km/h;Liviano;Malacatos - Loja
04/05/2019;19:16:27;9.29 km/h;Liviano;Malacatos - Loja
04/05/2019;19:16:38;9.63 km/h;Liviano;Malacatos - Loja
04/05/2019;19:17:16;22.29 km/h;Liviano;Malacatos - Loja
04/05/2019;19:18:15;19.98 km/h;Liviano;Loja - Malacatos
04/05/2019;19:20:48;18.53 km/h;Liviano;Loja - Malacatos
04/05/2019;19:20:49;16.30 km/h;Liviano;Loja - Malacatos
04/05/2019;19:20:52;12.73 km/h;Liviano;Malacatos - Loja
04/05/2019;19:21:55;12.39 km/h;Liviano;Malacatos - Loja
04/05/2019;19:21:56;16.82 km/h;Liviano;Malacatos - Loja
04/05/2019;19:21:57;9.77 km/h;Liviano;Malacatos - Loja
04/05/2019;19:22:01;10.39 km/h;Liviano;Malacatos - Loja
04/05/2019;19:22:03;28.15 km/h;Liviano;Malacatos - Loja
04/05/2019;19:22:10;19.46 km/h;Liviano;Malacatos - Loja
04/05/2019;19:22:42;8.33 km/h;Liviano;Malacatos - Loja
04/05/2019;19:24:12;10.08 km/h;Liviano;Malacatos - Loja
04/05/2019;19:25:28;17.65 km/h;Liviano;Malacatos - Loja
04/05/2019;19:25:33;16.57 km/h;Liviano;Malacatos - Loja
04/05/2019;19:25:34;16.88 km/h;Liviano;Malacatos - Loja
04/05/2019;19:25:35;21.94 km/h;Liviano;Malacatos - Loja
04/05/2019;19:26:08;12.07 km/h;Liviano;Malacatos - Loja
04/05/2019;19:28:01;10.58 km/h;Mediano;Malacatos - Loja
04/05/2019;19:28:02;21.93 km/h;Liviano;Malacatos - Loja
04/05/2019;19:29:10;10.51 km/h;Liviano;Loja - Malacatos
04/05/2019;19:29:15;12.27 km/h;Mediano;Loja - Malacatos
04/05/2019;19:29:17;20.71 km/h;Liviano;Loja - Malacatos
04/05/2019;19:30:30;10.77 km/h;Liviano;Malacatos - Loja
04/05/2019;19:31:11;16.65 km/h;Liviano;Loja - Malacatos
04/05/2019;19:31:12;15.94 km/h;Liviano;Loja - Malacatos
04/05/2019;19:31:51;10.20 km/h;Liviano;Loja - Malacatos
04/05/2019;19:31:57;22.45 km/h;Liviano;Malacatos - Loja
04/05/2019;19:32:02;10.43 km/h;Liviano;Malacatos - Loja
04/05/2019;19:32:03;16.72 km/h;Liviano;Malacatos - Loja
04/05/2019;19:33:02;20.91 km/h;Liviano;Loja - Malacatos
04/05/2019;19:34:14;16.70 km/h;Liviano;Malacatos - Loja
04/05/2019;19:34:54;20.85 km/h;Liviano;Malacatos - Loja
04/05/2019;19:35:03;10.42 km/h;Liviano;Loja - Malacatos
04/05/2019;19:36:22;20.61 km/h;Liviano;Malacatos - Loja
04/05/2019;19:36:23;11.35 km/h;Liviano;Malacatos - Loja
04/05/2019;19:37:22;9.11 km/h;Liviano;Malacatos - Loja
04/05/2019;19:37:26;11.04 km/h;Liviano;Malacatos - Loja
04/05/2019;19:37:30;11.67 km/h;Liviano;Loja - Malacatos
04/05/2019;19:37:32;17.06 km/h;Liviano;Loja - Malacatos
04/05/2019;19:37:35;11.55 km/h;Liviano;Malacatos - Loja
04/05/2019;19:37:36;16.89 km/h;Liviano;Loja - Malacatos
04/05/2019;19:39:33;10.42 km/h;Liviano;Malacatos - Loja
04/05/2019;19:39:44;21.48 km/h;Liviano;Malacatos - Loja
04/05/2019;19:39:46;16.71 km/h;Liviano;Malacatos - Loja
04/05/2019;19:41:00;20.92 km/h;Liviano;Loja - Malacatos
04/05/2019;19:41:02;10.61 km/h;Liviano;Loja - Malacatos
04/05/2019;19:41:06;17.97 km/h;Liviano;Malacatos - Loja
04/05/2019;19:41:07;24.07 km/h;Liviano;Loja - Malacatos
04/05/2019;19:41:18;13.20 km/h;Liviano;Loja - Malacatos
04/05/2019;19:41:19;20.94 km/h;Liviano;Loja - Malacatos
04/05/2019;19:41:21;16.51 km/h;Liviano;Loja - Malacatos
04/05/2019;19:41:23;14.21 km/h;Liviano;Malacatos - Loja
04/05/2019;19:41:49;20.92 km/h;Liviano;Loja - Malacatos
04/05/2019;19:41:50;28.51 km/h;Mediano;Loja - Malacatos
04/05/2019;19:43:06;8.65 km/h;Liviano;Malacatos - Loja
04/05/2019;19:43:21;22.21 km/h;Liviano;Malacatos - Loja
04/05/2019;19:44:24;13.47 km/h;Liviano;Malacatos - Loja
04/05/2019;19:45:39;9.55 km/h;Liviano;Malacatos - Loja
04/05/2019;19:45:40;20.13 km/h;Liviano;Malacatos - Loja
04/05/2019;19:45:41;21.47 km/h;Liviano;Malacatos - Loja
04/05/2019;19:46:19;19.68 km/h;Liviano;Malacatos - Loja
04/05/2019;19:46:22;16.71 km/h;Liviano;Loja - Malacatos
04/05/2019;19:47:23;9.49 km/h;Liviano;Malacatos - Loja
04/05/2019;19:47:24;16.17 km/h;Liviano;Malacatos - Loja
04/05/2019;19:47:25;13.92 km/h;Liviano;Malacatos - Loja
04/05/2019;19:47:27;16.98 km/h;Liviano;Malacatos - Loja
04/05/2019;19:48:56;10.37 km/h;Liviano;Loja - Malacatos
04/05/2019;19:48:58;10.63 km/h;Liviano;Loja - Malacatos
04/05/2019;19:49:01;15.51 km/h;Liviano;Loja - Malacatos
04/05/2019;19:49:11;20.94 km/h;Liviano;Loja - Malacatos
04/05/2019;19:49:27;20.73 km/h;Liviano;Loja - Malacatos
04/05/2019;19:49:29;21.47 km/h;Liviano;Malacatos - Loja
04/05/2019;19:49:30;22.30 km/h;Liviano;Malacatos - Loja
04/05/2019;19:49:30;13.96 km/h;Liviano;Loja - Malacatos
04/05/2019;19:50:36;21.15 km/h;Liviano;Loja - Malacatos
04/05/2019;19:51:06;12.75 km/h;Liviano;Loja - Malacatos
04/05/2019;19:51:14;11.80 km/h;Liviano;Loja - Malacatos
04/05/2019;19:51:15;12.71 km/h;Liviano;Malacatos - Loja
04/05/2019;19:53:43;11.92 km/h;Liviano;Loja - Malacatos
04/05/2019;19:53:46;15.38 km/h;Liviano;Loja - Malacatos
04/05/2019;19:53:56;8.11 km/h;Liviano;Malacatos - Loja
04/05/2019;19:54:06;10.96 km/h;Liviano;Loja - Malacatos
04/05/2019;19:54:07;16.57 km/h;Liviano;Loja - Malacatos
04/05/2019;19:54:08;13.04 km/h;Liviano;Loja - Malacatos
04/05/2019;19:55:46;14.29 km/h;Mediano;Malacatos - Loja
04/05/2019;19:55:47;21.28 km/h;Liviano;Malacatos - Loja
04/05/2019;19:55:48;21.95 km/h;Liviano;Malacatos - Loja
04/05/2019;19:56:04;8.61 km/h;Liviano;Malacatos - Loja
04/05/2019;19:56:05;19.05 km/h;Liviano;Loja - Malacatos
04/05/2019;19:56:06;9.85 km/h;Liviano;Loja - Malacatos
04/05/2019;19:56:07;10.20 km/h;Liviano;Malacatos - Loja
04/05/2019;19:56:08;16.83 km/h;Liviano;Loja - Malacatos
04/05/2019;19:56:35;22.07 km/h;Liviano;Loja - Malacatos
04/05/2019;19:56:36;10.73 km/h;Liviano;Loja - Malacatos
04/05/2019;19:57:02;8.21 km/h;Mediano;Malacatos - Loja
04/05/2019;19:57:04;8.90 km/h;Pesado;Loja - Malacatos
04/05/2019;19:57:09;14.87 km/h;Liviano;Malacatos - Loja
04/05/2019;19:57:52;16.17 km/h;Liviano;Malacatos - Loja
04/05/2019;19:58:07;8.18 km/h;Mediano;Malacatos - Loja
04/05/2019;19:58:15;21.06 km/h;Liviano;Malacatos - Loja
04/05/2019;19:58:17;22.55 km/h;Liviano;Loja - Malacatos
04/05/2019;19:58:19;21.34 km/h;Liviano;Loja - Malacatos
04/05/2019;20:00:31;22.18 km/h;Liviano;Loja - Malacatos
04/05/2019;20:00:38;10.57 km/h;Liviano;Loja - Malacatos
04/05/2019;20:00:58;15.45 km/h;Liviano;Malacatos - Loja
04/05/2019;20:01:05;15.30 km/h;Liviano;Loja - Malacatos
04/05/2019;20:01:09;14.03 km/h;Liviano;Loja - Malacatos
04/05/2019;20:01:10;16.88 km/h;Liviano;Loja - Malacatos
04/05/2019;20:02:01;8.26 km/h;Liviano;Loja - Malacatos
04/05/2019;20:03:06;14.15 km/h;Liviano;Malacatos - Loja
04/05/2019;20:03:08;16.53 km/h;Liviano;Malacatos - Loja
04/05/2019;20:03:09;15.10 km/h;Liviano;Malacatos - Loja
04/05/2019;20:03:11;22.33 km/h;Liviano;Malacatos - Loja
04/05/2019;20:03:12;14.40 km/h;Liviano;Malacatos - Loja
04/05/2019;20:03:13;17.50 km/h;Liviano;Malacatos - Loja
04/05/2019;20:03:47;18.79 km/h;Liviano;Malacatos - Loja
04/05/2019;20:03:56;18.51 km/h;Pesado;Loja - Malacatos
04/05/2019;20:04:22;13.14 km/h;Pesado;Loja - Malacatos
04/05/2019;20:04:25;15.37 km/h;Mediano;Loja - Malacatos
04/05/2019;20:04:31;16.64 km/h;Liviano;Loja - Malacatos
04/05/2019;20:04:54;9.35 km/h;Liviano;Malacatos - Loja
04/05/2019;20:05:30;15.38 km/h;Liviano;Malacatos - Loja
04/05/2019;20:06:09;20.71 km/h;Liviano;Loja - Malacatos
04/05/2019;20:07:29;15.63 km/h;Liviano;Malacatos - Loja
04/05/2019;20:07:59;25.48 km/h;Liviano;Malacatos - Loja
04/05/2019;20:08:01;21.14 km/h;Liviano;Loja - Malacatos
04/05/2019;20:08:02;12.12 km/h;Liviano;Loja - Malacatos
04/05/2019;20:08:06;16.88 km/h;Liviano;Malacatos - Loja
04/05/2019;20:08:47;15.53 km/h;Liviano;Malacatos - Loja
04/05/2019;20:09:13;13.36 km/h;Liviano;Malacatos - Loja
04/05/2019;20:09:15;20.23 km/h;Liviano;Malacatos - Loja
04/05/2019;20:10:22;18.46 km/h;Liviano;Malacatos - Loja
04/05/2019;20:10:23;10.02 km/h;Liviano;Malacatos - Loja
04/05/2019;20:10:24;14.17 km/h;Liviano;Malacatos - Loja
04/05/2019;20:10:29;13.62 km/h;Liviano;Malacatos - Loja
04/05/2019;20:10:52;8.12 km/h;Liviano;Malacatos - Loja
04/05/2019;20:12:11;13.20 km/h;Liviano;Malacatos - Loja
04/05/2019;20:12:13;10.22 km/h;Liviano;Malacatos - Loja
04/05/2019;20:12:21;11.43 km/h;Liviano;Malacatos - Loja
04/05/2019;20:13:05;18.56 km/h;Liviano;Loja - Malacatos
04/05/2019;20:13:29;8.31 km/h;Mediano;Loja - Malacatos
04/05/2019;20:13:36;12.82 km/h;Liviano;Loja - Malacatos
04/05/2019;20:13:48;10.12 km/h;Mediano;Malacatos - Loja
04/05/2019;20:13:49;20.94 km/h;Liviano;Loja - Malacatos
04/05/2019;20:13:53;8.99 km/h;Liviano;Malacatos - Loja
04/05/2019;20:13:58;17.72 km/h;Liviano;Malacatos - Loja
04/05/2019;20:13:59;10.88 km/h;Liviano;Malacatos - Loja
04/05/2019;20:13:59;15.15 km/h;Liviano;Loja - Malacatos
04/05/2019;20:14:50;15.88 km/h;Liviano;Malacatos - Loja
04/05/2019;20:14:57;21.12 km/h;Liviano;Loja - Malacatos
04/05/2019;20:15:20;10.15 km/h;Liviano;Loja - Malacatos
04/05/2019;20:15:52;25.99 km/h;Liviano;Loja - Malacatos
04/05/2019;20:15:58;20.61 km/h;Liviano;Loja - Malacatos
04/05/2019;20:16:45;11.22 km/h;Pesado;Malacatos - Loja
04/05/2019;20:16:46;17.33 km/h;Liviano;Loja - Malacatos
04/05/2019;20:16:58;16.11 km/h;Liviano;Malacatos - Loja
04/05/2019;20:17:01;14.96 km/h;Liviano;Loja - Malacatos
04/05/2019;20:17:26;15.01 km/h;Liviano;Malacatos - Loja
04/05/2019;20:17:28;22.07 km/h;Liviano;Malacatos - Loja
04/05/2019;20:19:22;11.18 km/h;Liviano;Malacatos - Loja
04/05/2019;20:20:28;13.40 km/h;Liviano;Loja - Malacatos
04/05/2019;20:20:40;15.62 km/h;Liviano;Loja - Malacatos
04/05/2019;20:21:31;10.74 km/h;Liviano;Malacatos - Loja
04/05/2019;20:22:59;9.35 km/h;Liviano;Loja - Malacatos
04/05/2019;20:23:00;12.70 km/h;Liviano;Malacatos - Loja
04/05/2019;20:23:05;10.10 km/h;Liviano;Malacatos - Loja
04/05/2019;20:23:10;17.52 km/h;Liviano;Malacatos - Loja
04/05/2019;20:23:10;9.24 km/h;Liviano;Loja - Malacatos
04/05/2019;20:23:12;22.09 km/h;Liviano;Malacatos - Loja
04/05/2019;20:24:23;10.81 km/h;Liviano;Malacatos - Loja
04/05/2019;20:24:39;20.68 km/h;Liviano;Malacatos - Loja
04/05/2019;20:24:41;9.34 km/h;Liviano;Malacatos - Loja
04/05/2019;20:26:14;15.53 km/h;Liviano;Malacatos - Loja
04/05/2019;20:26:18;16.89 km/h;Liviano;Loja - Malacatos
04/05/2019;20:26:23;20.44 km/h;Liviano;Malacatos - Loja
04/05/2019;20:26:56;11.54 km/h;Pesado;Malacatos - Loja
04/05/2019;20:26:57;11.82 km/h;Liviano;Malacatos - Loja
04/05/2019;20:27:02;14.33 km/h;Liviano;Loja - Malacatos
04/05/2019;20:28:13;16.56 km/h;Liviano;Loja - Malacatos
04/05/2019;20:28:14;9.01 km/h;Liviano;Loja - Malacatos
04/05/2019;20:28:15;21.03 km/h;Liviano;Loja - Malacatos
04/05/2019;20:28:23;10.16 km/h;Pesado;Loja - Malacatos
04/05/2019;20:29:46;12.41 km/h;Liviano;Malacatos - Loja
04/05/2019;20:29:48;21.70 km/h;Liviano;Malacatos - Loja
04/05/2019;20:33:09;10.78 km/h;Liviano;Malacatos - Loja
04/05/2019;20:33:19;17.20 km/h;Liviano;Malacatos - Loja
04/05/2019;20:33:21;22.80 km/h;Liviano;Loja - Malacatos
04/05/2019;20:33:22;8.89 km/h;Liviano;Malacatos - Loja
04/05/2019;20:33:31;12.96 km/h;Liviano;Malacatos - Loja
04/05/2019;20:34:40;14.07 km/h;Liviano;Loja - Malacatos
04/05/2019;20:34:54;20.77 km/h;Liviano;Malacatos - Loja
04/05/2019;20:35:45;21.29 km/h;Mediano;Loja - Malacatos
04/05/2019;20:35:46;8.48 km/h;Mediano;Malacatos - Loja
04/05/2019;20:36:03;10.87 km/h;Liviano;Malacatos - Loja
04/05/2019;20:36:45;21.65 km/h;Mediano;Malacatos - Loja
04/05/2019;20:36:47;21.47 km/h;Liviano;Loja - Malacatos
04/05/2019;20:37:52;19.10 km/h;Liviano;Malacatos - Loja
04/05/2019;20:38:08;13.95 km/h;Liviano;Malacatos - Loja
04/05/2019;20:38:29;18.43 km/h;Mediano;Malacatos - Loja
04/05/2019;20:38:30;11.37 km/h;Liviano;Loja - Malacatos
04/05/2019;20:38:36;12.89 km/h;Mediano;Loja - Malacatos
04/05/2019;20:40:24;18.30 km/h;Liviano;Loja - Malacatos
04/05/2019;20:40:26;9.80 km/h;Liviano;Loja - Malacatos
04/05/2019;20:40:27;16.45 km/h;Liviano;Loja - Malacatos
04/05/2019;20:40:28;18.48 km/h;Liviano;Loja - Malacatos
04/05/2019;20:40:32;12.71 km/h;Liviano;Loja - Malacatos
04/05/2019;20:40:36;13.63 km/h;Liviano;Loja - Malacatos
04/05/2019;20:40:41;8.76 km/h;Pesado;Malacatos - Loja
04/05/2019;20:40:47;13.57 km/h;Liviano;Loja - Malacatos
04/05/2019;20:40:49;11.45 km/h;Liviano;Loja - Malacatos
04/05/2019;20:41:03;14.58 km/h;Liviano;Malacatos - Loja
04/05/2019;20:41:05;15.59 km/h;Liviano;Malacatos - Loja
04/05/2019;20:43:07;22.13 km/h;Liviano;Loja - Malacatos
04/05/2019;20:43:16;15.33 km/h;Liviano;Loja - Malacatos
04/05/2019;20:43:43;20.20 km/h;Liviano;Malacatos - Loja
04/05/2019;20:43:46;14.95 km/h;Liviano;Loja - Malacatos
04/05/2019;20:43:48;10.14 km/h;Liviano;Malacatos - Loja
04/05/2019;20:44:25;19.53 km/h;Liviano;Malacatos - Loja
04/05/2019;20:44:55;17.20 km/h;Liviano;Loja - Malacatos
04/05/2019;20:44:59;11.44 km/h;Liviano;Malacatos - Loja
04/05/2019;20:45:00;10.55 km/h;Liviano;Malacatos - Loja
04/05/2019;20:46:07;12.02 km/h;Pesado;Malacatos - Loja
04/05/2019;20:47:00;20.16 km/h;Liviano;Loja - Malacatos
04/05/2019;20:47:00;16.62 km/h;Liviano;Malacatos - Loja
04/05/2019;20:47:12;28.06 km/h;Liviano;Malacatos - Loja
04/05/2019;20:47:13;16.04 km/h;Liviano;Malacatos - Loja
04/05/2019;20:49:11;21.68 km/h;Liviano;Malacatos - Loja
04/05/2019;20:51:16;18.70 km/h;Liviano;Malacatos - Loja
04/05/2019;20:51:51;8.34 km/h;Liviano;Loja - Malacatos
04/05/2019;20:51:53;17.20 km/h;Liviano;Loja - Malacatos
04/05/2019;20:55:46;14.71 km/h;Liviano;Malacatos - Loja
04/05/2019;20:56:47;10.41 km/h;Liviano;Malacatos - Loja
04/05/2019;21:00:26;9.90 km/h;Liviano;Malacatos - Loja
04/05/2019;21:00:31;8.31 km/h;Liviano;Loja - Malacatos
04/05/2019;21:00:35;14.22 km/h;Liviano;Malacatos - Loja
04/05/2019;21:00:36;19.47 km/h;Liviano;Loja - Malacatos
04/05/2019;21:00:39;20.77 km/h;Liviano;Malacatos - Loja
04/05/2019;21:01:33;9.08 km/h;Liviano;Malacatos - Loja
04/05/2019;21:01:39;17.95 km/h;Liviano;Loja - Malacatos
04/05/2019;21:03:47;15.78 km/h;Liviano;Malacatos - Loja
04/05/2019;21:04:05;19.84 km/h;Liviano;Malacatos - Loja
04/05/2019;21:04:06;22.80 km/h;Liviano;Malacatos - Loja
04/05/2019;21:04:16;17.18 km/h;Liviano;Loja - Malacatos
04/05/2019;21:04:20;19.21 km/h;Liviano;Loja - Malacatos
04/05/2019;21:04:21;22.43 km/h;Liviano;Loja - Malacatos
04/05/2019;21:04:23;10.73 km/h;Liviano;Malacatos - Loja
04/05/2019;21:04:32;20.54 km/h;Liviano;Loja - Malacatos
04/05/2019;21:04:46;11.88 km/h;Liviano;Loja - Malacatos
04/05/2019;21:04:56;19.10 km/h;Liviano;Loja - Malacatos
04/05/2019;21:06:08;15.77 km/h;Liviano;Loja - Malacatos
04/05/2019;21:06:37;15.54 km/h;Liviano;Loja - Malacatos
04/05/2019;21:08:47;9.40 km/h;Liviano;Malacatos - Loja
04/05/2019;21:12:06;11.30 km/h;Liviano;Malacatos - Loja
04/05/2019;21:12:18;12.50 km/h;Liviano;Loja - Malacatos
04/05/2019;21:12:19;19.85 km/h;Liviano;Loja - Malacatos
04/05/2019;21:12:43;9.83 km/h;Liviano;Malacatos - Loja
04/05/2019;21:12:51;16.23 km/h;Liviano;Malacatos - Loja
04/05/2019;21:12:53;21.79 km/h;Liviano;Loja - Malacatos
04/05/2019;21:12:54;22.96 km/h;Liviano;Loja - Malacatos
04/05/2019;21:13:34;12.18 km/h;Mediano;Loja - Malacatos
04/05/2019;21:15:00;10.54 km/h;Liviano;Loja - Malacatos
04/05/2019;21:15:03;21.37 km/h;Liviano;Loja - Malacatos
04/05/2019;21:15:07;22.07 km/h;Liviano;Loja - Malacatos
04/05/2019;21:15:09;16.59 km/h;Mediano;Malacatos - Loja
04/05/2019;21:16:08;10.75 km/h;Liviano;Loja - Malacatos
04/05/2019;21:16:13;16.78 km/h;Liviano;Loja - Malacatos
04/05/2019;21:16:14;15.72 km/h;Pesado;Loja - Malacatos
04/05/2019;21:16:37;21.95 km/h;Liviano;Malacatos - Loja
04/05/2019;21:17:56;15.40 km/h;Liviano;Loja - Malacatos
04/05/2019;21:19:29;25.22 km/h;Liviano;Malacatos - Loja
04/05/2019;21:20:37;8.61 km/h;Liviano;Loja - Malacatos
04/05/2019;21:20:44;14.13 km/h;Liviano;Malacatos - Loja
04/05/2019;21:20:46;21.11 km/h;Liviano;Malacatos - Loja
04/05/2019;21:23:52;17.16 km/h;Liviano;Malacatos - Loja
04/05/2019;21:23:54;16.48 km/h;Liviano;Loja - Malacatos
04/05/2019;21:24:07;21.33 km/h;Liviano;Malacatos - Loja
04/05/2019;21:25:18;20.20 km/h;Liviano;Malacatos - Loja
04/05/2019;21:25:55;9.27 km/h;Liviano;Loja - Malacatos
04/05/2019;21:26:05;20.46 km/h;Pesado;Loja - Malacatos
04/05/2019;21:26:09;28.50 km/h;Liviano;Loja - Malacatos
04/05/2019;21:31:00;13.71 km/h;Pesado;Loja - Malacatos
04/05/2019;21:31:44;13.12 km/h;Liviano;Malacatos - Loja
04/05/2019;21:31:45;10.95 km/h;Liviano;Malacatos - Loja
04/05/2019;21:34:40;12.27 km/h;Liviano;Malacatos - Loja
04/05/2019;21:37:20;20.78 km/h;Pesado;Malacatos - Loja
04/05/2019;21:38:08;10.81 km/h;Mediano;Loja - Malacatos
04/05/2019;21:38:14;11.82 km/h;Liviano;Loja - Malacatos
04/05/2019;21:38:18;15.10 km/h;Liviano;Malacatos - Loja
04/05/2019;21:38:18;11.60 km/h;Liviano;Loja - Malacatos
04/05/2019;21:38:20;26.60 km/h;Liviano;Loja - Malacatos
04/05/2019;21:40:23;26.22 km/h;Liviano;Malacatos - Loja
04/05/2019;21:40:24;10.05 km/h;Liviano;Malacatos - Loja
04/05/2019;21:40:52;10.64 km/h;Liviano;Loja - Malacatos
04/05/2019;21:41:15;11.78 km/h;Liviano;Loja - Malacatos
04/05/2019;21:41:33;10.20 km/h;Liviano;Malacatos - Loja
04/05/2019;21:42:14;10.55 km/h;Liviano;Malacatos - Loja
04/05/2019;21:43:52;8.76 km/h;Liviano;Malacatos - Loja
04/05/2019;21:46:47;11.60 km/h;Liviano;Malacatos - Loja
04/05/2019;21:46:48;16.28 km/h;Liviano;Malacatos - Loja
04/05/2019;21:49:52;10.14 km/h;Liviano;Loja - Malacatos
04/05/2019;21:50:05;27.99 km/h;Liviano;Malacatos - Loja
04/05/2019;21:51:46;16.78 km/h;Liviano;Loja - Malacatos
04/05/2019;21:51:47;13.35 km/h;Liviano;Loja - Malacatos
04/05/2019;21:52:13;10.52 km/h;Liviano;Loja - Malacatos
04/05/2019;21:52:16;22.06 km/h;Liviano;Malacatos - Loja
04/05/2019;21:52:21;20.61 km/h;Liviano;Loja - Malacatos
04/05/2019;21:53:00;10.91 km/h;Liviano;Malacatos - Loja
04/05/2019;21:53:14;13.52 km/h;Liviano;Loja - Malacatos
04/05/2019;21:53:15;12.12 km/h;Liviano;Loja - Malacatos
04/05/2019;21:53:16;22.42 km/h;Liviano;Loja - Malacatos
04/05/2019;21:54:40;19.85 km/h;Liviano;Loja - Malacatos
04/05/2019;21:55:37;11.69 km/h;Liviano;Malacatos - Loja
04/05/2019;21:56:26;23.03 km/h;Liviano;Malacatos - Loja
04/05/2019;21:56:58;20.65 km/h;Liviano;Malacatos - Loja
04/05/2019;21:57:00;16.95 km/h;Liviano;Malacatos - Loja
04/05/2019;21:57:01;27.79 km/h;Liviano;Malacatos - Loja
04/05/2019;21:57:02;15.85 km/h;Liviano;Malacatos - Loja
04/05/2019;21:58:02;14.84 km/h;Liviano;Malacatos - Loja
04/05/2019;21:58:03;16.13 km/h;Liviano;Malacatos - Loja
04/05/2019;21:58:04;16.31 km/h;Liviano;Malacatos - Loja
04/05/2019;21:58:34;9.25 km/h;Liviano;Malacatos - Loja
04/05/2019;21:58:35;18.80 km/h;Liviano;Loja - Malacatos
04/05/2019;21:58:44;15.84 km/h;Liviano;Malacatos - Loja
04/05/2019;21:58:45;17.60 km/h;Liviano;Malacatos - Loja
04/05/2019;21:58:47;17.66 km/h;Liviano;Loja - Malacatos
04/05/2019;21:59:13;10.89 km/h;Mediano;Malacatos - Loja
04/05/2019;22:00:13;15.31 km/h;Liviano;Malacatos - Loja
04/05/2019;22:01:22;15.27 km/h;Liviano;Loja - Malacatos
04/05/2019;22:01:32;10.75 km/h;Liviano;Malacatos - Loja
04/05/2019;22:02:19;16.53 km/h;Liviano;Loja - Malacatos
04/05/2019;22:02:24;12.18 km/h;Liviano;Loja - Malacatos
04/05/2019;22:02:38;10.91 km/h;Liviano;Malacatos - Loja
04/05/2019;22:03:24;9.79 km/h;Liviano;Malacatos - Loja
04/05/2019;22:06:42;21.39 km/h;Liviano;Malacatos - Loja
04/05/2019;22:07:59;11.64 km/h;Liviano;Malacatos - Loja
04/05/2019;22:08:19;10.19 km/h;Liviano;Loja - Malacatos
04/05/2019;22:08:23;10.95 km/h;Liviano;Loja - Malacatos
04/05/2019;22:08:25;16.57 km/h;Liviano;Loja - Malacatos
04/05/2019;22:09:29;9.66 km/h;Pesado;Loja - Malacatos
04/05/2019;22:09:42;11.39 km/h;Liviano;Loja - Malacatos
04/05/2019;22:11:57;18.81 km/h;Liviano;Malacatos - Loja
04/05/2019;22:14:05;15.37 km/h;Liviano;Malacatos - Loja
04/05/2019;22:14:22;14.57 km/h;Liviano;Malacatos - Loja
04/05/2019;22:14:29;8.26 km/h;Liviano;Malacatos - Loja
04/05/2019;22:14:30;16.72 km/h;Liviano;Malacatos - Loja
04/05/2019;22:21:13;21.61 km/h;Liviano;Malacatos - Loja
04/05/2019;22:21:14;21.28 km/h;Liviano;Loja - Malacatos
04/05/2019;22:22:07;26.14 km/h;Liviano;Loja - Malacatos
04/05/2019;22:24:26;22.80 km/h;Liviano;Malacatos - Loja
04/05/2019;22:26:23;10.15 km/h;Pesado;Loja - Malacatos
04/05/2019;22:26:28;11.41 km/h;Liviano;Loja - Malacatos
04/05/2019;22:26:30;27.92 km/h;Liviano;Loja - Malacatos
04/05/2019;22:28:02;13.63 km/h;Liviano;Malacatos - Loja
04/05/2019;22:34:06;9.71 km/h;Liviano;Malacatos - Loja
04/05/2019;22:34:28;12.65 km/h;Liviano;Loja - Malacatos
04/05/2019;22:34:29;17.31 km/h;Liviano;Loja - Malacatos
04/05/2019;22:34:30;22.43 km/h;Liviano;Malacatos - Loja
04/05/2019;22:34:31;20.29 km/h;Liviano;Loja - Malacatos
04/05/2019;22:34:33;9.81 km/h;Liviano;Loja - Malacatos
04/05/2019;22:34:34;13.49 km/h;Liviano;Loja - Malacatos
04/05/2019;22:34:36;22.70 km/h;Liviano;Loja - Malacatos
04/05/2019;22:34:37;9.06 km/h;Liviano;Loja - Malacatos
04/05/2019;22:38:52;16.36 km/h;Liviano;Loja - Malacatos
04/05/2019;22:38:58;10.20 km/h;Liviano;Malacatos - Loja
04/05/2019;22:39:00;14.03 km/h;Liviano;Loja - Malacatos
04/05/2019;22:39:03;9.86 km/h;Liviano;Loja - Malacatos
04/05/2019;22:39:57;23.80 km/h;Liviano;Loja - Malacatos
04/05/2019;22:39:59;19.04 km/h;Liviano;Loja - Malacatos
04/05/2019;22:40:00;14.98 km/h;Liviano;Loja - Malacatos
04/05/2019;22:40:04;9.10 km/h;Mediano;Loja - Malacatos
04/05/2019;22:44:56;20.61 km/h;Liviano;Malacatos - Loja
04/05/2019;22:44:57;13.63 km/h;Liviano;Malacatos - Loja
04/05/2019;22:44:58;16.75 km/h;Liviano;Malacatos - Loja
04/05/2019;22:44:59;18.37 km/h;Liviano;Malacatos - Loja
04/05/2019;22:45:11;9.94 km/h;Liviano;Malacatos - Loja
04/05/2019;22:45:12;22.61 km/h;Liviano;Malacatos - Loja
04/05/2019;22:45:13;8.74 km/h;Mediano;Malacatos - Loja
04/05/2019;22:45:35;9.08 km/h;Liviano;Malacatos - Loja
04/05/2019;22:45:40;10.25 km/h;Liviano;Loja - Malacatos
04/05/2019;22:48:14;26.02 km/h;Liviano;Malacatos - Loja
04/05/2019;22:51:11;23.22 km/h;Liviano;Loja - Malacatos
04/05/2019;22:51:18;15.61 km/h;Liviano;Loja - Malacatos
04/05/2019;22:52:37;15.92 km/h;Liviano;Loja - Malacatos
04/05/2019;22:54:56;11.08 km/h;Liviano;Loja - Malacatos
04/05/2019;22:54:58;13.68 km/h;Liviano;Loja - Malacatos
04/05/2019;22:55:10;13.50 km/h;Liviano;Malacatos - Loja
04/05/2019;23:00:04;21.40 km/h;Liviano;Loja - Malacatos
04/05/2019;23:00:05;15.16 km/h;Liviano;Loja - Malacatos
04/05/2019;23:00:15;20.61 km/h;Liviano;Malacatos - Loja
04/05/2019;23:00:16;17.30 km/h;Liviano;Malacatos - Loja
04/05/2019;23:00:17;23.46 km/h;Liviano;Malacatos - Loja
04/05/2019;23:02:23;9.49 km/h;Liviano;Loja - Malacatos
04/05/2019;23:02:28;15.99 km/h;Liviano;Loja - Malacatos
04/05/2019;23:07:19;21.88 km/h;Liviano;Loja - Malacatos
04/05/2019;23:10:36;15.91 km/h;Liviano;Loja - Malacatos
04/05/2019;23:10:47;18.30 km/h;Liviano;Loja - Malacatos
04/05/2019;23:10:48;15.22 km/h;Liviano;Loja - Malacatos
04/05/2019;23:15:04;14.52 km/h;Liviano;Malacatos - Loja
04/05/2019;23:17:46;17.08 km/h;Liviano;Malacatos - Loja
04/05/2019;23:17:50;11.52 km/h;Liviano;Malacatos - Loja
04/05/2019;23:17:51;10.74 km/h;Mediano;Malacatos - Loja
04/05/2019;23:18:03;10.22 km/h;Pesado;Loja - Malacatos
04/05/2019;23:20:46;9.91 km/h;Liviano;Malacatos - Loja
04/05/2019;23:23:29;15.40 km/h;Liviano;Malacatos - Loja
04/05/2019;23:27:55;16.26 km/h;Liviano;Malacatos - Loja
04/05/2019;23:27:58;16.11 km/h;Liviano;Malacatos - Loja
04/05/2019;23:39:22;10.73 km/h;Liviano;Malacatos - Loja
04/05/2019;23:45:20;16.66 km/h;Liviano;Loja - Malacatos
04/05/2019;23:47:43;19.47 km/h;Liviano;Loja - Malacatos
04/05/2019;23:47:44;11.45 km/h;Liviano;Malacatos - Loja
04/05/2019;23:47:56;14.52 km/h;Liviano;Malacatos - Loja
04/05/2019;23:47:57;17.29 km/h;Liviano;Malacatos - Loja
04/05/2019;23:48:46;11.79 km/h;Liviano;Loja - Malacatos
04/05/2019;23:48:47;9.48 km/h;Liviano;Loja - Malacatos
04/05/2019;23:48:47;15.53 km/h;Liviano;Malacatos - Loja
04/05/2019;23:48:48;22.41 km/h;Liviano;Malacatos - Loja
04/05/2019;23:48:52;10.91 km/h;Liviano;Loja - Malacatos
04/05/2019;23:48:53;21.34 km/h;Liviano;Loja - Malacatos
04/05/2019;23:55:32;16.62 km/h;Liviano;Loja - Malacatos
